Company,ISIN,NSECode,BSECode,Date,MFList360 ONE WAM Ltd.,INE466L01038,360ONE,542772.000000,2024-02-01,False3M India Ltd.,INE470A01017,3MINDIA,523395.000000,2024-02-01,FalseABB India Ltd.,INE117A01022,ABB,500002.000000,2024-02-01,FalseACC Ltd.,INE012A01025,ACC,500410.000000,2024-02-01,FalseAIA Engineering Ltd.,INE212H01026,AIAENG,532683.000000,2024-02-01,FalseAPL Apollo Tubes Ltd.,INE702C01027,APLAPOLLO,533758.000000,2024-02-01,FalseAU Small Finance Bank Ltd.,INE949L01017,AUBANK,540611.000000,2024-02-01,FalseAarti Drugs Ltd.,INE767A01016,AARTIDRUGS,524348.000000,2024-02-01,FalseAarti Industries Ltd.,INE769A01020,AARTIIND,524208.000000,2024-02-01,FalseAavas Financiers Ltd.,INE216P01012,AAVAS,541988.000000,2024-02-01,FalseAbbott India Ltd.,INE358A01014,ABBOTINDIA,500488.000000,2024-02-01,FalseAdani Energy Solutions Ltd.,INE931S01010,ADANIENSOL,539254.000000,2024-02-01,FalseAdani Enterprises Ltd.,INE423A01024,ADANIENT,512599.000000,2024-02-01,FalseAdani Green Energy Ltd.,INE364U01010,ADANIGREEN,541450.000000,2024-02-01,FalseAdani Ports and Special Economic Zone Ltd.,INE742F01042,ADANIPORTS,532921.000000,2024-02-01,FalseAdani Power Ltd.,INE814H01011,ADANIPOWER,533096.000000,2024-02-01,FalseAdani Total Gas Ltd.,INE399L01023,ATGL,542066.000000,2024-02-01,FalseAdani Wilmar Ltd.,INE699H01024,AWL,543458.000000,2024-02-01,FalseAditya Birla Capital Ltd.,INE674K01013,ABCAPITAL,540691.000000,2024-02-01,FalseAditya Birla Fashion and Retail Ltd.,INE647O01011,ABFRL,535755.000000,2024-02-01,FalseAegis Logistics Ltd.,INE208C01025,AEGISCHEM,500003.000000,2024-02-01,FalseAether Industries Ltd.,INE0BWX01014,AETHER,543534.000000,2024-02-01,FalseAffle (India) Ltd.,INE00WC01027,AFFLE,542752.000000,2024-02-01,FalseAjanta Pharmaceuticals Ltd.,INE031B01049,AJANTPHARM,532331.000000,2024-02-01,FalseAlembic Pharmaceuticals Ltd.,INE901L01018,APLLTD,533573.000000,2024-02-01,FalseAlkem Laboratories Ltd.,INE540L01014,ALKEM,539523.000000,2024-02-01,FalseAlkyl Amines Chemicals Ltd.,INE150B01039,ALKYLAMINE,506767.000000,2024-02-01,FalseAllcargo Logistics Ltd.,INE418H01029,ALLCARGO,,2024-02-01,FalseAlok Industries Ltd.,INE270A01029,ALOKINDS,521070.000000,2024-02-01,FalseAmara Raja Energy & Mobility Ltd.,INE885A01032,ARE&M,500008.000000,2024-02-01,FalseAmber Enterprises India Ltd.,INE371P01015,AMBER,540902.000000,2024-02-01,FalseAmbuja Cements Ltd.,INE079A01024,AMBUJACEM,500425.000000,2024-02-01,FalseAngel One Ltd.,INE732I01013,ANGELONE,543235.000000,2024-02-01,FalseAnupam Rasayan India Ltd.,INE930P01018,ANURAS,543275.000000,2024-02-01,FalseApar Industries Ltd.,INE372A01015,APARINDS,532259.000000,2024-02-01,FalseApollo Hospitals Enterprise Ltd.,INE437A01024,APOLLOHOSP,508869.000000,2024-02-01,FalseApollo Tyres Ltd.,INE438A01022,APOLLOTYRE,500877.000000,2024-02-01,FalseAptus Value Housing Finance India Ltd.,INE852O01025,APTUS,543335.000000,2024-02-01,FalseArchean Chemical Industries Ltd.,INE128X01021,ACI,543657.000000,2024-02-01,FalseAsahi India Glass Ltd.,INE439A01020,ASAHIINDIA,515030.000000,2024-02-01,FalseAshok Leyland Ltd.,INE208A01029,ASHOKLEY,500477.000000,2024-02-01,FalseAsian Paints Ltd.,INE021A01026,ASIANPAINT,500820.000000,2024-02-01,FalseAster DM Healthcare Ltd.,INE914M01019,ASTERDM,540975.000000,2024-02-01,FalseAstral Ltd.,INE006I01046,ASTRAL,532830.000000,2024-02-01,FalseAtul Ltd.,INE100A01010,ATUL,500027.000000,2024-02-01,FalseAurobindo Pharma Ltd.,INE406A01037,AUROPHARMA,524804.000000,2024-02-01,FalseAvanti Feeds Ltd.,INE871C01038,AVANTIFEED,512573.000000,2024-02-01,FalseAvenue Supermarts Ltd.,INE192R01011,DMART,540376.000000,2024-02-01,FalseAxis Bank Ltd.,INE238A01034,AXISBANK,532215.000000,2024-02-01,FalseBEML Ltd.,INE258A01016,BEML,,2024-02-01,FalseBLS International Services Ltd.,INE153T01027,BLS,540073.000000,2024-02-01,FalseBSE Ltd.,INE118H01025,BSE,,2024-02-01,FalseBajaj Auto Ltd.,INE917I01010,BAJAJ-AUTO,532977.000000,2024-02-01,FalseBajaj Finance Ltd.,INE296A01024,BAJFINANCE,500034.000000,2024-02-01,FalseBajaj Finserv Ltd.,INE918I01026,BAJAJFINSV,532978.000000,2024-02-01,FalseBajaj Holdings & Investment Ltd.,INE118A01012,BAJAJHLDNG,500490.000000,2024-02-01,FalseBalaji Amines Ltd.,INE050E01027,BALAMINES,530999.000000,2024-02-01,FalseBalkrishna Industries Ltd.,INE787D01026,BALKRISIND,502355.000000,2024-02-01,FalseBalrampur Chini Mills Ltd.,INE119A01028,BALRAMCHIN,500038.000000,2024-02-01,FalseBandhan Bank Ltd.,INE545U01014,BANDHANBNK,541153.000000,2024-02-01,FalseBank of Baroda,INE028A01039,BANKBARODA,532134.000000,2024-02-01,FalseBank of India,INE084A01016,BANKINDIA,532149.000000,2024-02-01,FalseBank of Maharashtra,INE457A01014,MAHABANK,532525.000000,2024-02-01,FalseBata India Ltd.,INE176A01028,BATAINDIA,500043.000000,2024-02-01,FalseBayer Cropscience Ltd.,INE462A01022,BAYERCROP,506285.000000,2024-02-01,FalseBerger Paints India Ltd.,INE463A01038,BERGEPAINT,509480.000000,2024-02-01,FalseBharat Dynamics Ltd.,INE171Z01018,BDL,541143.000000,2024-02-01,FalseBharat Electronics Ltd.,INE263A01024,BEL,500049.000000,2024-02-01,FalseBharat Forge Ltd.,INE465A01025,BHARATFORG,500493.000000,2024-02-01,FalseBharat Heavy Electricals Ltd.,INE257A01026,BHEL,500103.000000,2024-02-01,FalseBharat Petroleum Corporation Ltd.,INE029A01011,BPCL,500547.000000,2024-02-01,FalseBharti Airtel Ltd.,INE397D01024,BHARTIARTL,532454.000000,2024-02-01,FalseBikaji Foods International Ltd.,INE00E101023,BIKAJI,543653.000000,2024-02-01,FalseBiocon Ltd.,INE376G01013,BIOCON,532523.000000,2024-02-01,FalseBirla Corporation Ltd.,INE340A01012,BIRLACORPN,500335.000000,2024-02-01,FalseBirlasoft Ltd.,INE836A01035,BSOFT,532400.000000,2024-02-01,FalseBlue Dart Express Ltd.,INE233B01017,BLUEDART,526612.000000,2024-02-01,FalseBlue Star Ltd.,INE472A01039,BLUESTARCO,500067.000000,2024-02-01,FalseBombay Burmah Trading Corporation Ltd.,INE050A01025,BBTC,501425.000000,2024-02-01,FalseBorosil Renewables Ltd.,INE666D01022,BORORENEW,502219.000000,2024-02-01,FalseBosch Ltd.,INE323A01026,BOSCHLTD,500530.000000,2024-02-01,FalseBrigade Enterprises Ltd.,INE791I01019,BRIGADE,532929.000000,2024-02-01,FalseBrightcom Group Ltd.,INE425B01027,BCG,,2024-02-01,FalseBritannia Industries Ltd.,INE216A01030,BRITANNIA,500825.000000,2024-02-01,FalseC.E. Info Systems Ltd.,INE0BV301023,MAPMYINDIA,543425.000000,2024-02-01,FalseCCL Products (I) Ltd.,INE421D01022,CCL,519600.000000,2024-02-01,FalseCESC Ltd.,INE486A01021,CESC,500084.000000,2024-02-01,FalseCG Power and Industrial Solutions Ltd.,INE067A01029,CGPOWER,500093.000000,2024-02-01,FalseCIE Automotive India Ltd.,INE536H01010,CIEINDIA,532756.000000,2024-02-01,FalseCRISIL Ltd.,INE007A01025,CRISIL,500092.000000,2024-02-01,FalseCSB Bank Ltd.,INE679A01013,CSBBANK,542867.000000,2024-02-01,FalseCampus Activewear Ltd.,INE278Y01022,CAMPUS,543523.000000,2024-02-01,FalseCan Fin Homes Ltd.,INE477A01020,CANFINHOME,511196.000000,2024-02-01,FalseCanara Bank,INE476A01014,CANBK,532483.000000,2024-02-01,FalseCapri Global Capital Ltd.,INE180C01026,CGCL,531595.000000,2024-02-01,FalseCarborundum Universal Ltd.,INE120A01034,CARBORUNIV,513375.000000,2024-02-01,FalseCastrol India Ltd.,INE172A01027,CASTROLIND,500870.000000,2024-02-01,FalseCeat Ltd.,INE482A01020,CEATLTD,500878.000000,2024-02-01,FalseCentral Bank of India,INE483A01010,CENTRALBK,532885.000000,2024-02-01,FalseCentral Depository Services (India) Ltd.,INE736A01011,CDSL,,2024-02-01,FalseCentury Plyboards (India) Ltd.,INE348B01021,CENTURYPLY,532548.000000,2024-02-01,FalseCentury Textile & Industries Ltd.,INE055A01016,CENTURYTEX,500040.000000,2024-02-01,FalseCera Sanitaryware Ltd,INE739E01017,CERA,532443.000000,2024-02-01,FalseChalet Hotels Ltd.,INE427F01016,CHALET,542399.000000,2024-02-01,FalseChambal Fertilizers & Chemicals Ltd.,INE085A01013,CHAMBLFERT,500085.000000,2024-02-01,FalseChemplast Sanmar Ltd.,INE488A01050,CHEMPLASTS,543336.000000,2024-02-01,FalseCholamandalam Financial Holdings Ltd.,INE149A01033,CHOLAHLDNG,504973.000000,2024-02-01,FalseCholamandalam Investment and Finance Company Ltd.,INE121A01024,CHOLAFIN,511243.000000,2024-02-01,FalseCipla Ltd.,INE059A01026,CIPLA,500087.000000,2024-02-01,FalseCity Union Bank Ltd.,INE491A01021,CUB,532210.000000,2024-02-01,FalseClean Science and Technology Ltd.,INE227W01023,CLEAN,543318.000000,2024-02-01,FalseCoal India Ltd.,INE522F01014,COALINDIA,533278.000000,2024-02-01,FalseCochin Shipyard Ltd.,INE704P01025,COCHINSHIP,540678.000000,2024-02-01,FalseCoforge Ltd.,INE591G01017,COFORGE,532541.000000,2024-02-01,FalseColgate Palmolive (India) Ltd.,INE259A01022,COLPAL,500830.000000,2024-02-01,FalseComputer Age Management Services Ltd.,INE596I01012,CAMS,543232.000000,2024-02-01,FalseConcord Biotech Ltd.,INE338H01029,CONCORDBIO,,2024-02-01,FalseContainer Corporation of India Ltd.,INE111A01025,CONCOR,531344.000000,2024-02-01,FalseCoromandel International Ltd.,INE169A01031,COROMANDEL,506395.000000,2024-02-01,FalseCraftsman Automation Ltd.,INE00LO01017,CRAFTSMAN,543276.000000,2024-02-01,FalseCreditAccess Grameen Ltd.,INE741K01010,CREDITACC,541770.000000,2024-02-01,FalseCrompton Greaves Consumer Electricals Ltd.,INE299U01018,CROMPTON,539876.000000,2024-02-01,FalseCummins India Ltd.,INE298A01020,CUMMINSIND,500480.000000,2024-02-01,FalseCyient Ltd.,INE136B01020,CYIENT,532175.000000,2024-02-01,FalseDCM Shriram Ltd.,INE499A01024,DCMSHRIRAM,523367.000000,2024-02-01,FalseDLF Ltd.,INE271C01023,DLF,532868.000000,2024-02-01,FalseDabur India Ltd.,INE016A01026,DABUR,500096.000000,2024-02-01,FalseDalmia Bharat Ltd.,INE00R701025,DALBHARAT,542216.000000,2024-02-01,FalseData Patterns (India) Ltd.,INE0IX101010,DATAPATTNS,543428.000000,2024-02-01,FalseDeepak Fertilisers & Petrochemicals Corp. Ltd.,INE501A01019,DEEPAKFERT,500645.000000,2024-02-01,FalseDeepak Nitrite Ltd.,INE288B01029,DEEPAKNTR,506401.000000,2024-02-01,FalseDelhivery Ltd.,INE148O01028,DELHIVERY,543529.000000,2024-02-01,FalseDelta Corp Ltd.,INE124G01033,DELTACORP,532848.000000,2024-02-01,FalseDevyani International Ltd.,INE872J01023,DEVYANI,543330.000000,2024-02-01,FalseDivi's Laboratories Ltd.,INE361B01024,DIVISLAB,532488.000000,2024-02-01,FalseDixon Technologies (India) Ltd.,INE935N01020,DIXON,540699.000000,2024-02-01,FalseDr. Lal Path Labs Ltd.,INE600L01024,LALPATHLAB,539524.000000,2024-02-01,FalseDr. Reddy's Laboratories Ltd.,INE089A01023,DRREDDY,500124.000000,2024-02-01,FalseE.I.D. Parry (India) Ltd.,INE126A01031,EIDPARRY,500125.000000,2024-02-01,FalseEIH Ltd.,INE230A01023,EIHOTEL,500840.000000,2024-02-01,FalseEPL Ltd.,INE255A01020,EPL,500135.000000,2024-02-01,FalseEasy Trip Planners Ltd.,INE07O001026,EASEMYTRIP,543272.000000,2024-02-01,FalseEicher Motors Ltd.,INE066A01021,EICHERMOT,505200.000000,2024-02-01,FalseElgi Equipments Ltd.,INE285A01027,ELGIEQUIP,522074.000000,2024-02-01,FalseEmami Ltd.,INE548C01032,EMAMILTD,531162.000000,2024-02-01,FalseEndurance Technologies Ltd.,INE913H01037,ENDURANCE,540153.000000,2024-02-01,FalseEngineers India Ltd.,INE510A01028,ENGINERSIN,532178.000000,2024-02-01,FalseEpigral Ltd.,INE071N01016,EPIGRAL,,2024-02-01,FalseEquitas Small Finance Bank Ltd.,INE063P01018,EQUITASBNK,543243.000000,2024-02-01,FalseEris Lifesciences Ltd.,INE406M01024,ERIS,540596.000000,2024-02-01,FalseEscorts Kubota Ltd.,INE042A01014,ESCORTS,500495.000000,2024-02-01,FalseExide Industries Ltd.,INE302A01020,EXIDEIND,500086.000000,2024-02-01,FalseFDC Ltd.,INE258B01022,FDC,531599.000000,2024-02-01,FalseFSN E-Commerce Ventures Ltd.,INE388Y01029,NYKAA,543384.000000,2024-02-01,FalseFederal Bank Ltd.,INE171A01029,FEDERALBNK,500469.000000,2024-02-01,FalseFertilisers and Chemicals Travancore Ltd.,INE188A01015,FACT,,2024-02-01,FalseFine Organic Industries Ltd.,INE686Y01026,FINEORG,541557.000000,2024-02-01,FalseFinolex Cables Ltd.,INE235A01022,FINCABLES,500144.000000,2024-02-01,FalseFinolex Industries Ltd.,INE183A01024,FINPIPE,500940.000000,2024-02-01,FalseFirstsource Solutions Ltd.,INE684F01012,FSL,532809.000000,2024-02-01,FalseFive-Star Business Finance Ltd.,INE128S01021,FIVESTAR,543663.000000,2024-02-01,FalseFortis Healthcare Ltd.,INE061F01013,FORTIS,532843.000000,2024-02-01,FalseG R Infraprojects Ltd.,INE201P01022,GRINFRA,543317.000000,2024-02-01,FalseGAIL (India) Ltd.,INE129A01019,GAIL,532155.000000,2024-02-01,FalseGMM Pfaudler Ltd.,INE541A01023,GMMPFAUDLR,505255.000000,2024-02-01,FalseGMR Airports Infrastructure Ltd.,INE776C01039,GMRINFRA,532754.000000,2024-02-01,FalseGalaxy Surfactants Ltd.,INE600K01018,GALAXYSURF,540935.000000,2024-02-01,FalseGeneral Insurance Corporation of India,INE481Y01014,GICRE,540755.000000,2024-02-01,FalseGillette India Ltd.,INE322A01010,GILLETTE,507815.000000,2024-02-01,FalseGland Pharma Ltd.,INE068V01023,GLAND,543245.000000,2024-02-01,FalseGlaxosmithkline Pharmaceuticals Ltd.,INE159A01016,GLAXO,500660.000000,2024-02-01,FalseGlenmark Life Sciences Ltd.,INE03Q201024,GLS,,2024-02-01,FalseGlenmark Pharmaceuticals Ltd.,INE935A01035,GLENMARK,532296.000000,2024-02-01,FalseGlobal Health Ltd.,INE474Q01031,MEDANTA,543654.000000,2024-02-01,FalseGo Fashion (India) Ltd.,INE0BJS01011,GOCOLORS,,2024-02-01,FalseGodawari Power & Ispat Ltd.,INE177H01021,GPIL,,2024-02-01,FalseGodfrey Phillips India Ltd.,INE260B01028,GODFRYPHLP,500163.000000,2024-02-01,FalseGodrej Consumer Products Ltd.,INE102D01028,GODREJCP,532424.000000,2024-02-01,FalseGodrej Industries Ltd.,INE233A01035,GODREJIND,500164.000000,2024-02-01,FalseGodrej Properties Ltd.,INE484J01027,GODREJPROP,533150.000000,2024-02-01,FalseGranules India Ltd.,INE101D01020,GRANULES,532482.000000,2024-02-01,FalseGraphite India Ltd.,INE371A01025,GRAPHITE,509488.000000,2024-02-01,FalseGrasim Industries Ltd.,INE047A01021,GRASIM,500300.000000,2024-02-01,FalseGreat Eastern Shipping Co. Ltd.,INE017A01032,GESHIP,500620.000000,2024-02-01,FalseGrindwell Norton Ltd.,INE536A01023,GRINDWELL,506076.000000,2024-02-01,FalseGujarat Alkalies & Chemicals Ltd.,INE186A01019,GUJALKALI,530001.000000,2024-02-01,FalseGujarat Ambuja Exports Ltd.,INE036B01030,GAEL,524226.000000,2024-02-01,FalseGujarat Fluorochemicals Ltd.,INE09N301011,FLUOROCHEM,542812.000000,2024-02-01,FalseGujarat Gas Ltd.,INE844O01030,GUJGASLTD,539336.000000,2024-02-01,FalseGujarat Narmada Valley Fertilizers and Chemicals Ltd.,INE113A01013,GNFC,500670.000000,2024-02-01,FalseGujarat Pipavav Port Ltd.,INE517F01014,GPPL,533248.000000,2024-02-01,FalseGujarat State Fertilizers & Chemicals Ltd.,INE026A01025,GSFC,500690.000000,2024-02-01,FalseGujarat State Petronet Ltd.,INE246F01010,GSPL,532702.000000,2024-02-01,FalseH.E.G. Ltd.,INE545A01016,HEG,509631.000000,2024-02-01,FalseHCL Technologies Ltd.,INE860A01027,HCLTECH,532281.000000,2024-02-01,FalseHDFC Asset Management Company Ltd.,INE127D01025,HDFCAMC,541729.000000,2024-02-01,FalseHDFC Bank Ltd.,INE040A01034,HDFCBANK,500180.000000,2024-02-01,FalseHDFC Life Insurance Company Ltd.,INE795G01014,HDFCLIFE,540777.000000,2024-02-01,FalseHFCL Ltd.,INE548A01028,HFCL,500183.000000,2024-02-01,FalseHLE Glascoat Ltd.,INE461D01028,HLEGLAS,522215.000000,2024-02-01,FalseHappiest Minds Technologies Ltd.,INE419U01012,HAPPSTMNDS,543227.000000,2024-02-01,FalseHavells India Ltd.,INE176B01034,HAVELLS,517354.000000,2024-02-01,FalseHero MotoCorp Ltd.,INE158A01026,HEROMOTOCO,500182.000000,2024-02-01,FalseHindalco Industries Ltd.,INE038A01020,HINDALCO,500440.000000,2024-02-01,FalseHindustan Aeronautics Ltd.,INE066F01020,HAL,541154.000000,2024-02-01,FalseHindustan Copper Ltd.,INE531E01026,HINDCOPPER,513599.000000,2024-02-01,FalseHindustan Petroleum Corporation Ltd.,INE094A01015,HINDPETRO,500104.000000,2024-02-01,FalseHindustan Unilever Ltd.,INE030A01027,HINDUNILVR,500696.000000,2024-02-01,FalseHindustan Zinc Ltd.,INE267A01025,HINDZINC,500188.000000,2024-02-01,FalseHitachi Energy India Ltd.,INE07Y701011,POWERINDIA,543187.000000,2024-02-01,FalseHome First Finance Company India Ltd.,INE481N01025,HOMEFIRST,543259.000000,2024-02-01,FalseHoneywell Automation India Ltd.,INE671A01010,HONAUT,517174.000000,2024-02-01,FalseHousing & Urban Development Corporation Ltd.,INE031A01017,HUDCO,540530.000000,2024-02-01,FalseICICI Bank Ltd.,INE090A01021,ICICIBANK,532174.000000,2024-02-01,FalseICICI Lombard General Insurance Company Ltd.,INE765G01017,ICICIGI,540716.000000,2024-02-01,FalseICICI Prudential Life Insurance Company Ltd.,INE726G01019,ICICIPRULI,540133.000000,2024-02-01,FalseICICI Securities Ltd.,INE763G01038,ISEC,541179.000000,2024-02-01,FalseIDBI Bank Ltd.,INE008A01015,IDBI,500116.000000,2024-02-01,FalseIDFC First Bank Ltd.,INE092T01019,IDFCFIRSTB,539437.000000,2024-02-01,FalseIDFC Ltd.,INE043D01016,IDFC,532659.000000,2024-02-01,FalseIIFL Finance Ltd.,INE530B01024,IIFL,532636.000000,2024-02-01,FalseIRB Infrastructure Developers Ltd.,INE821I01022,IRB,532947.000000,2024-02-01,FalseIRCON International Ltd.,INE962Y01021,IRCON,541956.000000,2024-02-01,FalseITC Ltd.,INE154A01025,ITC,500875.000000,2024-02-01,FalseITI Ltd.,INE248A01017,ITI,523610.000000,2024-02-01,FalseIndia Cements Ltd.,INE383A01012,INDIACEM,530005.000000,2024-02-01,FalseIndiabulls Housing Finance Ltd.,INE148I01020,IBULHSGFIN,535789.000000,2024-02-01,FalseIndiamart Intermesh Ltd.,INE933S01016,INDIAMART,542726.000000,2024-02-01,FalseIndian Bank,INE562A01011,INDIANB,532814.000000,2024-02-01,FalseIndian Energy Exchange Ltd.,INE022Q01020,IEX,540750.000000,2024-02-01,FalseIndian Hotels Co. Ltd.,INE053A01029,INDHOTEL,500850.000000,2024-02-01,FalseIndian Oil Corporation Ltd.,INE242A01010,IOC,530965.000000,2024-02-01,FalseIndian Overseas Bank,INE565A01014,IOB,532388.000000,2024-02-01,FalseIndian Railway Catering And Tourism Corporation Ltd.,INE335Y01020,IRCTC,542830.000000,2024-02-01,FalseIndian Railway Finance Corporation Ltd.,INE053F01010,IRFC,543257.000000,2024-02-01,FalseIndigo Paints Ltd.,INE09VQ01012,INDIGOPNTS,543258.000000,2024-02-01,FalseIndraprastha Gas Ltd.,INE203G01027,IGL,532514.000000,2024-02-01,FalseIndus Towers Ltd.,INE121J01017,INDUSTOWER,534816.000000,2024-02-01,FalseIndusInd Bank Ltd.,INE095A01012,INDUSINDBK,532187.000000,2024-02-01,FalseInfibeam Avenues Ltd.,INE483S01020,INFIBEAM,539807.000000,2024-02-01,FalseInfo Edge (India) Ltd.,INE663F01024,NAUKRI,532777.000000,2024-02-01,FalseInfosys Ltd.,INE009A01021,INFY,500209.000000,2024-02-01,FalseIngersoll Rand (India) Ltd.,INE177A01018,INGERRAND,500210.000000,2024-02-01,FalseIntellect Design Arena Ltd.,INE306R01017,INTELLECT,538835.000000,2024-02-01,FalseInterGlobe Aviation Ltd.,INE646L01027,INDIGO,539448.000000,2024-02-01,FalseIpca Laboratories Ltd.,INE571A01038,IPCALAB,524494.000000,2024-02-01,FalseJ.B. Chemicals & Pharmaceuticals Ltd.,INE572A01036,JBCHEPHARM,506943.000000,2024-02-01,FalseJ.K. Cement Ltd.,INE823G01014,JKCEMENT,532644.000000,2024-02-01,FalseJBM Auto Ltd.,INE927D01044,JBMA,532605.000000,2024-02-01,FalseJK Lakshmi Cement Ltd.,INE786A01032,JKLAKSHMI,500380.000000,2024-02-01,FalseJK Paper Ltd.,INE789E01012,JKPAPER,532162.000000,2024-02-01,FalseJM Financial Ltd.,INE780C01023,JMFINANCIL,523405.000000,2024-02-01,FalseJSW Energy Ltd.,INE121E01018,JSWENERGY,533148.000000,2024-02-01,FalseJSW Steel Ltd.,INE019A01038,JSWSTEEL,500228.000000,2024-02-01,FalseJamna Auto Industries Ltd.,INE039C01032,JAMNAAUTO,520051.000000,2024-02-01,FalseJindal Saw Ltd.,INE324A01024,JINDALSAW,500378.000000,2024-02-01,FalseJindal Stainless Ltd.,INE220G01021,JSL,532508.000000,2024-02-01,FalseJindal Steel & Power Ltd.,INE749A01030,JINDALSTEL,532286.000000,2024-02-01,FalseJubilant Foodworks Ltd.,INE797F01020,JUBLFOOD,533155.000000,2024-02-01,FalseJubilant Ingrevia Ltd.,INE0BY001018,JUBLINGREA,543271.000000,2024-02-01,FalseJubilant Pharmova Ltd.,INE700A01033,JUBLPHARMA,530019.000000,2024-02-01,FalseJustdial Ltd.,INE599M01018,JUSTDIAL,535648.000000,2024-02-01,FalseJyothy Labs Ltd.,INE668F01031,JYOTHYLAB,532926.000000,2024-02-01,FalseK.P.R. Mill Ltd.,INE930H01031,KPRMILL,532889.000000,2024-02-01,FalseKEI Industries Ltd.,INE878B01027,KEI,517569.000000,2024-02-01,FalseKNR Constructions Ltd.,INE634I01029,KNRCON,532942.000000,2024-02-01,FalseKPIT Technologies Ltd.,INE04I401011,KPITTECH,542651.000000,2024-02-01,FalseKRBL Ltd.,INE001B01026,KRBL,530813.000000,2024-02-01,FalseKSB Ltd.,INE999A01015,KSB,500249.000000,2024-02-01,FalseKajaria Ceramics Ltd.,INE217B01036,KAJARIACER,500233.000000,2024-02-01,FalseKalpataru Projects International Ltd.,INE220B01022,KPIL,522287.000000,2024-02-01,FalseKalyan Jewellers India Ltd.,INE303R01014,KALYANKJIL,543278.000000,2024-02-01,FalseKansai Nerolac Paints Ltd.,INE531A01024,KANSAINER,500165.000000,2024-02-01,FalseKarur Vysya Bank Ltd.,INE036D01028,KARURVYSYA,,2024-02-01,FalseKaynes Technology India Ltd.,INE918Z01012,KAYNES,543664.000000,2024-02-01,FalseKec International Ltd.,INE389H01022,KEC,532714.000000,2024-02-01,FalseKfin Technologies Ltd.,INE138Y01010,KFINTECH,,2024-02-01,FalseKotak Mahindra Bank Ltd.,INE237A01028,KOTAKBANK,500247.000000,2024-02-01,FalseKrishna Institute of Medical Sciences Ltd.,INE967H01017,KIMS,543308.000000,2024-02-01,FalseL&T Finance Holdings Ltd.,INE498L01015,L&TFH,533519.000000,2024-02-01,FalseL&T Technology Services Ltd.,INE010V01017,LTTS,540115.000000,2024-02-01,FalseLIC Housing Finance Ltd.,INE115A01026,LICHSGFIN,500253.000000,2024-02-01,FalseLTIMindtree Ltd.,INE214T01019,LTIM,540005.000000,2024-02-01,FalseLakshmi Machine Works Ltd.,INE269B01029,LAXMIMACH,500252.000000,2024-02-01,FalseLarsen & Toubro Ltd.,INE018A01030,LT,500510.000000,2024-02-01,FalseLatent View Analytics Ltd.,INE0I7C01011,LATENTVIEW,543398.000000,2024-02-01,FalseLaurus Labs Ltd.,INE947Q01028,LAURUSLABS,540222.000000,2024-02-01,FalseLaxmi Organic Industries Ltd.,INE576O01020,LXCHEM,543277.000000,2024-02-01,FalseLemon Tree Hotels Ltd.,INE970X01018,LEMONTREE,541233.000000,2024-02-01,FalseLife Insurance Corporation of India,INE0J1Y01017,LICI,543526.000000,2024-02-01,FalseLinde India Ltd.,INE473A01011,LINDEINDIA,523457.000000,2024-02-01,FalseLupin Ltd.,INE326A01037,LUPIN,500257.000000,2024-02-01,FalseLux Industries Ltd.,INE150G01020,LUXIND,,2024-02-01,FalseMMTC Ltd.,INE123F01029,MMTC,513377.000000,2024-02-01,FalseMRF Ltd.,INE883A01011,MRF,500290.000000,2024-02-01,FalseMTAR Technologies Ltd.,INE864I01014,MTARTECH,,2024-02-01,FalseMacrotech Developers Ltd.,INE670K01029,LODHA,543287.000000,2024-02-01,FalseMahanagar Gas Ltd.,INE002S01010,MGL,539957.000000,2024-02-01,FalseMahindra & Mahindra Financial Services Ltd.,INE774D01024,M&MFIN,532720.000000,2024-02-01,FalseMahindra & Mahindra Ltd.,INE101A01026,M&M,500520.000000,2024-02-01,FalseMahindra Holidays & Resorts India Ltd.,INE998I01010,MHRIL,533088.000000,2024-02-01,FalseMahindra Lifespace Developers Ltd.,INE813A01018,MAHLIFE,532313.000000,2024-02-01,FalseManappuram Finance Ltd.,INE522D01027,MANAPPURAM,531213.000000,2024-02-01,FalseMangalore Refinery & Petrochemicals Ltd.,INE103A01014,MRPL,500109.000000,2024-02-01,FalseMankind Pharma Ltd.,INE634S01028,MANKIND,543904.000000,2024-02-01,FalseMarico Ltd.,INE196A01026,MARICO,531642.000000,2024-02-01,FalseMaruti Suzuki India Ltd.,INE585B01010,MARUTI,532500.000000,2024-02-01,FalseMastek Ltd.,INE759A01021,MASTEK,523704.000000,2024-02-01,FalseMax Financial Services Ltd.,INE180A01020,MFSL,500271.000000,2024-02-01,FalseMax Healthcare Institute Ltd.,INE027H01010,MAXHEALTH,543220.000000,2024-02-01,FalseMazagoan Dock Shipbuilders Ltd.,INE249Z01012,MAZDOCK,543237.000000,2024-02-01,FalseMedplus Health Services Ltd.,INE804L01022,MEDPLUS,543427.000000,2024-02-01,FalseMetro Brands Ltd.,INE317I01021,METROBRAND,543426.000000,2024-02-01,FalseMetropolis Healthcare Ltd.,INE112L01020,METROPOLIS,542650.000000,2024-02-01,FalseMinda Corporation Ltd.,INE842C01021,MINDACORP,538962.000000,2024-02-01,FalseMotherson Sumi Wiring India Ltd.,INE0FS801015,MSUMI,543498.000000,2024-02-01,FalseMotilal Oswal Financial Services Ltd.,INE338I01027,MOTILALOFS,532892.000000,2024-02-01,FalseMphasiS Ltd.,INE356A01018,MPHASIS,526299.000000,2024-02-01,FalseMulti Commodity Exchange of India Ltd.,INE745G01035,MCX,534091.000000,2024-02-01,FalseMuthoot Finance Ltd.,INE414G01012,MUTHOOTFIN,533398.000000,2024-02-01,FalseNATCO Pharma Ltd.,INE987B01026,NATCOPHARM,524816.000000,2024-02-01,FalseNBCC (India) Ltd.,INE095N01031,NBCC,534309.000000,2024-02-01,FalseNCC Ltd.,INE868B01028,NCC,500294.000000,2024-02-01,FalseNHPC Ltd.,INE848E01016,NHPC,533098.000000,2024-02-01,FalseNLC India Ltd.,INE589A01014,NLCINDIA,513683.000000,2024-02-01,FalseNMDC Ltd.,INE584A01023,NMDC,526371.000000,2024-02-01,FalseNMDC Steel Ltd.,INE0NNS01018,NSLNISP,543768.000000,2024-02-01,FalseNTPC Ltd.,INE733E01010,NTPC,532555.000000,2024-02-01,FalseNarayana Hrudayalaya Ltd.,INE410P01011,NH,539551.000000,2024-02-01,FalseNational Aluminium Co. Ltd.,INE139A01034,NATIONALUM,532234.000000,2024-02-01,FalseNavin Fluorine International Ltd.,INE048G01026,NAVINFLUOR,532504.000000,2024-02-01,FalseNazara Technologies Ltd.,INE418L01021,NAZARA,,2024-02-01,FalseNestle India Ltd.,INE239A01024,NESTLEIND,500790.000000,2024-02-01,FalseNetwork18 Media & Investments Ltd.,INE870H01013,NETWORK18,532798.000000,2024-02-01,FalseNippon Life India Asset Management Ltd.,INE298J01013,NAM-INDIA,540767.000000,2024-02-01,FalseNuvoco Vistas Corporation Ltd.,INE118D01016,NUVOCO,543334.000000,2024-02-01,FalseOberoi Realty Ltd.,INE093I01010,OBEROIRLTY,533273.000000,2024-02-01,FalseOil & Natural Gas Corporation Ltd.,INE213A01029,ONGC,500312.000000,2024-02-01,FalseOil India Ltd.,INE274J01014,OIL,533106.000000,2024-02-01,FalseOlectra Greentech Ltd.,INE260D01016,OLECTRA,,2024-02-01,FalseOne 97 Communications Ltd.,INE982J01020,PAYTM,543396.000000,2024-02-01,FalseOracle Financial Services Software Ltd.,INE881D01027,OFSS,532466.000000,2024-02-01,FalseOrient Electric Ltd.,INE142Z01019,ORIENTELEC,541301.000000,2024-02-01,FalsePB Fintech Ltd.,INE417T01026,POLICYBZR,543390.000000,2024-02-01,FalsePCBL Ltd.,INE602A01031,PCBL,506590.000000,2024-02-01,FalsePI Industries Ltd.,INE603J01030,PIIND,523642.000000,2024-02-01,FalsePNB Housing Finance Ltd.,INE572E01012,PNBHOUSING,540173.000000,2024-02-01,FalsePNC Infratech Ltd.,INE195J01029,PNCINFRA,539150.000000,2024-02-01,FalsePVR INOX Ltd.,INE191H01014,PVRINOX,532689.000000,2024-02-01,FalsePage Industries Ltd.,INE761H01022,PAGEIND,532827.000000,2024-02-01,FalsePatanjali Foods Ltd.,INE619A01035,PATANJALI,500368.000000,2024-02-01,FalsePersistent Systems Ltd.,INE262H01013,PERSISTENT,533179.000000,2024-02-01,FalsePetronet LNG Ltd.,INE347G01014,PETRONET,532522.000000,2024-02-01,FalsePfizer Ltd.,INE182A01018,PFIZER,500680.000000,2024-02-01,FalsePhoenix Mills Ltd.,INE211B01039,PHOENIXLTD,503100.000000,2024-02-01,FalsePidilite Industries Ltd.,INE318A01026,PIDILITIND,500331.000000,2024-02-01,FalsePiramal Enterprises Ltd.,INE140A01024,PEL,500302.000000,2024-02-01,FalsePiramal Pharma Ltd.,INE0DK501011,PPLPHARMA,543635.000000,2024-02-01,FalsePoly Medicure Ltd.,INE205C01021,POLYMED,531768.000000,2024-02-01,FalsePolycab India Ltd.,INE455K01017,POLYCAB,542652.000000,2024-02-01,FalsePolyplex Corporation Ltd.,INE633B01018,POLYPLEX,,2024-02-01,FalsePoonawalla Fincorp Ltd.,INE511C01022,POONAWALLA,524000.000000,2024-02-01,FalsePower Finance Corporation Ltd.,INE134E01011,PFC,532810.000000,2024-02-01,FalsePower Grid Corporation of India Ltd.,INE752E01010,POWERGRID,532898.000000,2024-02-01,FalsePraj Industries Ltd.,INE074A01025,PRAJIND,522205.000000,2024-02-01,FalsePrestige Estates Projects Ltd.,INE811K01011,PRESTIGE,533274.000000,2024-02-01,FalsePrince Pipes and Fittings Ltd.,INE689W01016,PRINCEPIPE,542907.000000,2024-02-01,FalsePrism Johnson Ltd.,INE010A01011,PRSMJOHNSN,500338.000000,2024-02-01,FalseProcter & Gamble Health Ltd.,INE199A01012,PGHL,500126.000000,2024-02-01,FalseProcter & Gamble Hygiene & Health Care Ltd.,INE179A01014,PGHH,500459.000000,2024-02-01,FalsePunjab National Bank,INE160A01022,PNB,532461.000000,2024-02-01,FalseQuess Corp Ltd.,INE615P01015,QUESS,539978.000000,2024-02-01,FalseRBL Bank Ltd.,INE976G01028,RBLBANK,540065.000000,2024-02-01,FalseREC Ltd.,INE020B01018,RECLTD,532955.000000,2024-02-01,FalseRHI MAGNESITA INDIA LTD.,INE743M01012,RHIM,534076.000000,2024-02-01,FalseRITES Ltd.,INE320J01015,RITES,541556.000000,2024-02-01,FalseRadico Khaitan Ltd,INE944F01028,RADICO,532497.000000,2024-02-01,FalseRail Vikas Nigam Ltd.,INE415G01027,RVNL,542649.000000,2024-02-01,FalseRain Industries Ltd,INE855B01025,RAIN,500339.000000,2024-02-01,FalseRainbow Childrens Medicare Ltd.,INE961O01016,RAINBOW,543524.000000,2024-02-01,FalseRajesh Exports Ltd.,INE343B01030,RAJESHEXPO,531500.000000,2024-02-01,FalseRallis India Ltd.,INE613A01020,RALLIS,,2024-02-01,FalseRashtriya Chemicals & Fertilizers Ltd.,INE027A01015,RCF,524230.000000,2024-02-01,FalseRatnamani Metals & Tubes Ltd.,INE703B01027,RATNAMANI,520111.000000,2024-02-01,FalseRattanIndia Enterprises Ltd.,INE834M01019,RTNINDIA,,2024-02-01,FalseRaymond Ltd.,INE301A01014,RAYMOND,500330.000000,2024-02-01,FalseRedington Ltd.,INE891D01026,REDINGTON,532805.000000,2024-02-01,FalseRelaxo Footwears Ltd.,INE131B01039,RELAXO,530517.000000,2024-02-01,FalseReliance Industries Ltd.,INE002A01018,RELIANCE,500325.000000,2024-02-01,FalseRestaurant Brands Asia Ltd.,INE07T201019,RBA,543248.000000,2024-02-01,FalseRossari Biotech Ltd.,INE02A801020,ROSSARI,543213.000000,2024-02-01,FalseRoute Mobile Ltd.,INE450U01017,ROUTE,543228.000000,2024-02-01,FalseSBI Cards and Payment Services Ltd.,INE018E01016,SBICARD,543066.000000,2024-02-01,FalseSBI Life Insurance Company Ltd.,INE123W01016,SBILIFE,540719.000000,2024-02-01,FalseSJVN Ltd.,INE002L01015,SJVN,533206.000000,2024-02-01,FalseSKF India Ltd.,INE640A01023,SKFINDIA,500472.000000,2024-02-01,FalseSRF Ltd.,INE647A01010,SRF,503806.000000,2024-02-01,FalseSafari Industries (India) Ltd.,INE429E01023,SAFARI,,2024-02-01,FalseSamvardhana Motherson International Ltd.,INE775A01035,MOTHERSON,517334.000000,2024-02-01,FalseSanofi India Ltd.,INE058A01010,SANOFI,500674.000000,2024-02-01,FalseSapphire Foods India Ltd.,INE806T01012,SAPPHIRE,543397.000000,2024-02-01,FalseSaregama India Ltd,INE979A01025,SAREGAMA,,2024-02-01,FalseSchaeffler India Ltd.,INE513A01022,SCHAEFFLER,505790.000000,2024-02-01,FalseSharda Cropchem Ltd.,INE221J01015,SHARDACROP,,2024-02-01,FalseSheela Foam Ltd.,INE916U01025,SFL,540203.000000,2024-02-01,FalseShoppers Stop Ltd.,INE498B01024,SHOPERSTOP,532638.000000,2024-02-01,FalseShree Cement Ltd.,INE070A01015,SHREECEM,500387.000000,2024-02-01,FalseShree Renuka Sugars Ltd.,INE087H01022,RENUKA,532670.000000,2024-02-01,FalseShriram Finance Ltd.,INE721A01013,SHRIRAMFIN,511218.000000,2024-02-01,FalseShyam Metalics and Energy Ltd.,INE810G01011,SHYAMMETL,543299.000000,2024-02-01,FalseSiemens Ltd.,INE003A01024,SIEMENS,500550.000000,2024-02-01,FalseSobha Ltd.,INE671H01015,SOBHA,532784.000000,2024-02-01,FalseSolar Industries India Ltd.,INE343H01029,SOLARINDS,532725.000000,2024-02-01,FalseSona BLW Precision Forgings Ltd.,INE073K01018,SONACOMS,543300.000000,2024-02-01,FalseSonata Software Ltd.,INE269A01021,SONATSOFTW,532221.000000,2024-02-01,FalseStar Health and Allied Insurance Company Ltd.,INE575P01011,STARHEALTH,543412.000000,2024-02-01,FalseState Bank of India,INE062A01020,SBIN,500112.000000,2024-02-01,FalseSteel Authority of India Ltd.,INE114A01011,SAIL,500113.000000,2024-02-01,FalseSterling and Wilson Renewable Energy Ltd.,INE00M201021,SWSOLAR,542760.000000,2024-02-01,FalseSterlite Technologies Ltd.,INE089C01029,STLTECH,532374.000000,2024-02-01,FalseSumitomo Chemical India Ltd.,INE258G01013,SUMICHEM,542920.000000,2024-02-01,FalseSun Pharma Advanced Research Company Ltd.,INE232I01014,SPARC,532872.000000,2024-02-01,FalseSun Pharmaceutical Industries Ltd.,INE044A01036,SUNPHARMA,524715.000000,2024-02-01,FalseSun TV Network Ltd.,INE424H01027,SUNTV,532733.000000,2024-02-01,FalseSundaram Finance Ltd.,INE660A01013,SUNDARMFIN,,2024-02-01,FalseSundram Fasteners Ltd.,INE387A01021,SUNDRMFAST,500403.000000,2024-02-01,FalseSunteck Realty Ltd.,INE805D01034,SUNTECK,512179.000000,2024-02-01,FalseSuprajit Engineering Ltd.,INE399C01030,SUPRAJIT,,2024-02-01,FalseSupreme Industries Ltd.,INE195A01028,SUPREMEIND,509930.000000,2024-02-01,FalseSuven Pharmaceuticals Ltd.,INE03QK01018,SUVENPHAR,543064.000000,2024-02-01,FalseSuzlon Energy Ltd.,INE040H01021,SUZLON,532667.000000,2024-02-01,FalseSwan Energy Ltd.,INE665A01038,SWANENERGY,503310.000000,2024-02-01,FalseSymphony Ltd.,INE225D01027,SYMPHONY,517385.000000,2024-02-01,FalseSyngene International Ltd.,INE398R01022,SYNGENE,539268.000000,2024-02-01,FalseSyrma SGS Technology Ltd.,INE0DYJ01015,SYRMA,,2024-02-01,FalseTTK Prestige Ltd.,INE690A01028,TTKPRESTIG,517506.000000,2024-02-01,FalseTV18 Broadcast Ltd.,INE886H01027,TV18BRDCST,532800.000000,2024-02-01,FalseTVS Motor Company Ltd.,INE494B01023,TVSMOTOR,532343.000000,2024-02-01,FalseTanla Platforms Ltd.,INE483C01032,TANLA,532790.000000,2024-02-01,FalseTata Chemicals Ltd.,INE092A01019,TATACHEM,500770.000000,2024-02-01,FalseTata Communications Ltd.,INE151A01013,TATACOMM,500483.000000,2024-02-01,FalseTata Consultancy Services Ltd.,INE467B01029,TCS,532540.000000,2024-02-01,FalseTata Consumer Products Ltd.,INE192A01025,TATACONSUM,500800.000000,2024-02-01,FalseTata Elxsi Ltd.,INE670A01012,TATAELXSI,500408.000000,2024-02-01,FalseTata Investment Corporation Ltd.,INE672A01018,TATAINVEST,501301.000000,2024-02-01,FalseTata Motors Ltd DVR,IN9155A01020,TATAMTRDVR,570001.000000,2024-02-01,FalseTata Motors Ltd.,INE155A01022,TATAMOTORS,500570.000000,2024-02-01,FalseTata Power Co. Ltd.,INE245A01021,TATAPOWER,500400.000000,2024-02-01,FalseTata Steel Ltd.,INE081A01020,TATASTEEL,500470.000000,2024-02-01,FalseTata Teleservices (Maharashtra) Ltd.,INE517B01013,TTML,532371.000000,2024-02-01,FalseTeamlease Services Ltd.,INE985S01024,TEAMLEASE,,2024-02-01,FalseTech Mahindra Ltd.,INE669C01036,TECHM,532755.000000,2024-02-01,FalseTejas Networks Ltd.,INE010J01012,TEJASNET,540595.000000,2024-02-01,FalseThe New India Assurance Company Ltd.,INE470Y01017,NIACL,540769.000000,2024-02-01,FalseThe Ramco Cements Ltd.,INE331A01037,RAMCOCEM,500260.000000,2024-02-01,FalseThermax Ltd.,INE152A01029,THERMAX,500411.000000,2024-02-01,FalseTimken India Ltd.,INE325A01013,TIMKEN,522113.000000,2024-02-01,FalseTitan Company Ltd.,INE280A01028,TITAN,500114.000000,2024-02-01,FalseTorrent Pharmaceuticals Ltd.,INE685A01028,TORNTPHARM,500420.000000,2024-02-01,FalseTorrent Power Ltd.,INE813H01021,TORNTPOWER,532779.000000,2024-02-01,FalseTrent Ltd.,INE849A01020,TRENT,500251.000000,2024-02-01,FalseTrident Ltd.,INE064C01022,TRIDENT,521064.000000,2024-02-01,FalseTriveni Engineering & Industries Ltd.,INE256C01024,TRIVENI,,2024-02-01,FalseTriveni Turbine Ltd.,INE152M01016,TRITURBINE,533655.000000,2024-02-01,FalseTube Investments of India Ltd.,INE974X01010,TIINDIA,540762.000000,2024-02-01,FalseUCO Bank,INE691A01018,UCOBANK,532505.000000,2024-02-01,FalseUNO Minda Ltd.,INE405E01023,UNOMINDA,532539.000000,2024-02-01,FalseUPL Ltd.,INE628A01036,UPL,512070.000000,2024-02-01,FalseUTI Asset Management Company Ltd.,INE094J01016,UTIAMC,543238.000000,2024-02-01,FalseUjjivan Small Finance Bank Ltd.,INE551W01018,UJJIVANSFB,542904.000000,2024-02-01,FalseUltraTech Cement Ltd.,INE481G01011,ULTRACEMCO,532538.000000,2024-02-01,FalseUnion Bank of India,INE692A01016,UNIONBANK,532477.000000,2024-02-01,FalseUnited Breweries Ltd.,INE686F01025,UBL,532478.000000,2024-02-01,FalseUnited Spirits Ltd.,INE854D01024,MCDOWELL-N,532432.000000,2024-02-01,FalseUsha Martin Ltd.,INE228A01035,USHAMART,517146.000000,2024-02-01,FalseV-Guard Industries Ltd.,INE951I01027,VGUARD,532953.000000,2024-02-01,FalseV-Mart Retail Ltd.,INE665J01013,VMART,534976.000000,2024-02-01,FalseV.I.P. Industries Ltd.,INE054A01027,VIPIND,507880.000000,2024-02-01,FalseVaibhav Global Ltd.,INE884A01027,VAIBHAVGBL,532156.000000,2024-02-01,FalseVardhman Textiles Ltd.,INE825A01020,VTL,502986.000000,2024-02-01,FalseVarroc Engineering Ltd.,INE665L01035,VARROC,541578.000000,2024-02-01,FalseVarun Beverages Ltd.,INE200M01021,VBL,540180.000000,2024-02-01,FalseVedant Fashions Ltd.,INE825V01034,MANYAVAR,543463.000000,2024-02-01,FalseVedanta Ltd.,INE205A01025,VEDL,500295.000000,2024-02-01,FalseVijaya Diagnostic Centre Ltd.,INE043W01024,VIJAYA,,2024-02-01,FalseVinati Organics Ltd.,INE410B01037,VINATIORGA,524200.000000,2024-02-01,FalseVodafone Idea Ltd.,INE669E01016,IDEA,532822.000000,2024-02-01,FalseVoltas Ltd.,INE226A01021,VOLTAS,500575.000000,2024-02-01,FalseWelspun Corp Ltd.,INE191B01025,WELCORP,532144.000000,2024-02-01,FalseWelspun Living Ltd.,INE192B01031,WELSPUNLIV,514162.000000,2024-02-01,FalseWestlife Foodworld Ltd.,INE274F01020,WESTLIFE,505533.000000,2024-02-01,FalseWhirlpool of India Ltd.,INE716A01013,WHIRLPOOL,500238.000000,2024-02-01,FalseWipro Ltd.,INE075A01022,WIPRO,507685.000000,2024-02-01,FalseYes Bank Ltd.,INE528G01035,YESBANK,532648.000000,2024-02-01,FalseZF Commercial Vehicle Control Systems India Ltd.,INE342J01019,ZFCVINDIA,533023.000000,2024-02-01,FalseZee Entertainment Enterprises Ltd.,INE256A01028,ZEEL,505537.000000,2024-02-01,FalseZensar Technolgies Ltd.,INE520A01027,ZENSARTECH,504067.000000,2024-02-01,FalseZomato Ltd.,INE758T01015,ZOMATO,543320.000000,2024-02-01,FalseZydus Lifesciences Ltd.,INE010B01027,ZYDUSLIFE,532321.000000,2024-02-01,FalseZydus Wellness Ltd.,INE768C01010,ZYDUSWELL,531335.000000,2024-02-01,FalseeClerx Services Ltd.,INE738I01010,ECLERX,532927.000000,2024-02-01,FalseAditya Birla Sun Life AMC LTd,INE404A01024,,543374.000000,2024-02-01,FalseAkzo Nobel India Ltd,INE133A01011,,500710.000000,2024-02-01,FalseAstraZeneca Pharm India,INE203A01020,,506820.000000,2024-02-01,FalseBASF India Limited,INE373A01013,,500042.000000,2024-02-01,FalseCaplin Point Laboratories Ltd,INE475E01026,,524742.000000,2024-02-01,FalseEsab India Ltd,INE284A01012,,500133.000000,2024-02-01,FalseEureka Forbes Limited,INE0KCE01017,,543482.000000,2024-02-01,FalseGarware Technical Fibres Ltd,INE276A01018,,509557.000000,2024-02-01,FalseGodrej Agrovet Ltd,INE850D01014,,540743.000000,2024-02-01,FalseHatsun Agro Products Ltd,INE473B01035,,531531.000000,2024-02-01,FalseJindal Worldwide Ltd.,INE247D01039,,531543.000000,2024-02-01,FalseJupiter Wagons Ltd,INE209L01016,,533272.000000,2024-02-01,FalseKama Holdings Ltd.,INE411F01010,,532468.000000,2024-02-01,FalseKIOCL Ltd,INE880L01014,,540680.000000,2024-02-01,FalseLa Opala Rg Ltd.,INE059D01020,,526947.000000,2024-02-01,FalseLloyds Metals & Energy Ltd.,INE281B01032,,512455.000000,2024-02-01,FalseMaharashtra Scooters Ltd.,INE288A01013,,500266.000000,2024-02-01,FalseMAS Financial Services Ltd,INE348L01012,,540749.000000,2024-02-01,FalseMishra Dhatu Nigam Ltd,INE099Z01011,,541195.000000,2024-02-01,FalseNesco Ltd.,INE317F01035,,505355.000000,2024-02-01,FalsePrivi Speciality Chemicals Ltd,INE959A01019,,530117.000000,2024-02-01,FalsePunjab & Sind Bank,INE608A01012,,533295.000000,2024-02-01,FalseRamkrishna Forgings Ltd,INE399G01023,,532527.000000,2024-02-01,FalseSIS Limited,INE285J01028,,540673.000000,2024-02-01,FalseStar Cement Ltd,INE460H01021,,540575.000000,2024-02-01,FalseSupreme Petrochem Ltd.,INE663A01033,,500405.000000,2024-02-01,FalseTamilnad Mercantile Bank Ltd,INE668A01016,,543596.000000,2024-02-01,FalseTCI Express Ltd,INE586V01016,,540212.000000,2024-02-01,FalseVST Industries Ltd.,INE710A01016,,509966.000000,2024-02-01,False