Company,ISIN,NSECode,BSECode,Date,MFList360 ONE WAM Ltd.,INE466L01038,360ONE,542772.000000,2024-02-01,True3M India Ltd.,INE470A01017,3MINDIA,523395.000000,2024-02-01,TrueABB India Ltd.,INE117A01022,ABB,500002.000000,2024-02-01,TrueACC Ltd.,INE012A01025,ACC,500410.000000,2024-02-01,TrueAIA Engineering Ltd.,INE212H01026,AIAENG,532683.000000,2024-02-01,TrueAPL Apollo Tubes Ltd.,INE702C01027,APLAPOLLO,533758.000000,2024-02-01,TrueAU Small Finance Bank Ltd.,INE949L01017,AUBANK,540611.000000,2024-02-01,TrueAarti Drugs Ltd.,INE767A01016,AARTIDRUGS,524348.000000,2024-02-01,TrueAarti Industries Ltd.,INE769A01020,AARTIIND,524208.000000,2024-02-01,TrueAavas Financiers Ltd.,INE216P01012,AAVAS,541988.000000,2024-02-01,TrueAbbott India Ltd.,INE358A01014,ABBOTINDIA,500488.000000,2024-02-01,TrueAdani Energy Solutions Ltd.,INE931S01010,ADANIENSOL,539254.000000,2024-02-01,TrueAdani Enterprises Ltd.,INE423A01024,ADANIENT,512599.000000,2024-02-01,TrueAdani Green Energy Ltd.,INE364U01010,ADANIGREEN,541450.000000,2024-02-01,TrueAdani Ports and Special Economic Zone Ltd.,INE742F01042,ADANIPORTS,532921.000000,2024-02-01,TrueAdani Power Ltd.,INE814H01011,ADANIPOWER,533096.000000,2024-02-01,TrueAdani Total Gas Ltd.,INE399L01023,ATGL,542066.000000,2024-02-01,TrueAdani Wilmar Ltd.,INE699H01024,AWL,543458.000000,2024-02-01,TrueAditya Birla Capital Ltd.,INE674K01013,ABCAPITAL,540691.000000,2024-02-01,TrueAditya Birla Fashion and Retail Ltd.,INE647O01011,ABFRL,535755.000000,2024-02-01,TrueAegis Logistics Ltd.,INE208C01025,AEGISCHEM,500003.000000,2024-02-01,TrueAether Industries Ltd.,INE0BWX01014,AETHER,543534.000000,2024-02-01,TrueAffle (India) Ltd.,INE00WC01027,AFFLE,542752.000000,2024-02-01,TrueAjanta Pharmaceuticals Ltd.,INE031B01049,AJANTPHARM,532331.000000,2024-02-01,TrueAlembic Pharmaceuticals Ltd.,INE901L01018,APLLTD,533573.000000,2024-02-01,TrueAlkem Laboratories Ltd.,INE540L01014,ALKEM,539523.000000,2024-02-01,TrueAlkyl Amines Chemicals Ltd.,INE150B01039,ALKYLAMINE,506767.000000,2024-02-01,TrueAllcargo Logistics Ltd.,INE418H01029,ALLCARGO,532749.000000,2024-02-01,TrueAlok Industries Ltd.,INE270A01029,ALOKINDS,521070.000000,2024-02-01,TrueAmara Raja Energy & Mobility Ltd.,INE885A01032,ARE&M,500008.000000,2024-02-01,TrueAmber Enterprises India Ltd.,INE371P01015,AMBER,540902.000000,2024-02-01,TrueAmbuja Cements Ltd.,INE079A01024,AMBUJACEM,500425.000000,2024-02-01,TrueAngel One Ltd.,INE732I01013,ANGELONE,543235.000000,2024-02-01,TrueAnupam Rasayan India Ltd.,INE930P01018,ANURAS,543275.000000,2024-02-01,TrueApar Industries Ltd.,INE372A01015,APARINDS,532259.000000,2024-02-01,TrueApollo Hospitals Enterprise Ltd.,INE437A01024,APOLLOHOSP,508869.000000,2024-02-01,TrueApollo Tyres Ltd.,INE438A01022,APOLLOTYRE,500877.000000,2024-02-01,TrueAptus Value Housing Finance India Ltd.,INE852O01025,APTUS,543335.000000,2024-02-01,TrueArchean Chemical Industries Ltd.,INE128X01021,ACI,543657.000000,2024-02-01,TrueAsahi India Glass Ltd.,INE439A01020,ASAHIINDIA,515030.000000,2024-02-01,TrueAshok Leyland Ltd.,INE208A01029,ASHOKLEY,500477.000000,2024-02-01,TrueAsian Paints Ltd.,INE021A01026,ASIANPAINT,500820.000000,2024-02-01,TrueAster DM Healthcare Ltd.,INE914M01019,ASTERDM,540975.000000,2024-02-01,TrueAstral Ltd.,INE006I01046,ASTRAL,532830.000000,2024-02-01,TrueAtul Ltd.,INE100A01010,ATUL,500027.000000,2024-02-01,TrueAurobindo Pharma Ltd.,INE406A01037,AUROPHARMA,524804.000000,2024-02-01,TrueAvanti Feeds Ltd.,INE871C01038,AVANTIFEED,512573.000000,2024-02-01,TrueAvenue Supermarts Ltd.,INE192R01011,DMART,540376.000000,2024-02-01,TrueAxis Bank Ltd.,INE238A01034,AXISBANK,532215.000000,2024-02-01,TrueBEML Ltd.,INE258A01016,BEML,500048.000000,2024-02-01,TrueBLS International Services Ltd.,INE153T01027,BLS,540073.000000,2024-02-01,TrueBSE Ltd.,INE118H01025,BSE,-1.000000,2024-02-01,TrueBajaj Auto Ltd.,INE917I01010,BAJAJ-AUTO,532977.000000,2024-02-01,TrueBajaj Finance Ltd.,INE296A01024,BAJFINANCE,500034.000000,2024-02-01,TrueBajaj Finserv Ltd.,INE918I01026,BAJAJFINSV,532978.000000,2024-02-01,TrueBajaj Holdings & Investment Ltd.,INE118A01012,BAJAJHLDNG,500490.000000,2024-02-01,TrueBalaji Amines Ltd.,INE050E01027,BALAMINES,530999.000000,2024-02-01,TrueBalkrishna Industries Ltd.,INE787D01026,BALKRISIND,502355.000000,2024-02-01,TrueBalrampur Chini Mills Ltd.,INE119A01028,BALRAMCHIN,500038.000000,2024-02-01,TrueBandhan Bank Ltd.,INE545U01014,BANDHANBNK,541153.000000,2024-02-01,TrueBank of Baroda,INE028A01039,BANKBARODA,532134.000000,2024-02-01,TrueBank of India,INE084A01016,BANKINDIA,532149.000000,2024-02-01,TrueBank of Maharashtra,INE457A01014,MAHABANK,532525.000000,2024-02-01,TrueBata India Ltd.,INE176A01028,BATAINDIA,500043.000000,2024-02-01,TrueBayer Cropscience Ltd.,INE462A01022,BAYERCROP,506285.000000,2024-02-01,TrueBerger Paints India Ltd.,INE463A01038,BERGEPAINT,509480.000000,2024-02-01,TrueBharat Dynamics Ltd.,INE171Z01018,BDL,541143.000000,2024-02-01,TrueBharat Electronics Ltd.,INE263A01024,BEL,500049.000000,2024-02-01,TrueBharat Forge Ltd.,INE465A01025,BHARATFORG,500493.000000,2024-02-01,TrueBharat Heavy Electricals Ltd.,INE257A01026,BHEL,500103.000000,2024-02-01,TrueBharat Petroleum Corporation Ltd.,INE029A01011,BPCL,500547.000000,2024-02-01,TrueBharti Airtel Ltd.,INE397D01024,BHARTIARTL,532454.000000,2024-02-01,TrueBikaji Foods International Ltd.,INE00E101023,BIKAJI,543653.000000,2024-02-01,TrueBiocon Ltd.,INE376G01013,BIOCON,532523.000000,2024-02-01,TrueBirla Corporation Ltd.,INE340A01012,BIRLACORPN,500335.000000,2024-02-01,TrueBirlasoft Ltd.,INE836A01035,BSOFT,532400.000000,2024-02-01,TrueBlue Dart Express Ltd.,INE233B01017,BLUEDART,526612.000000,2024-02-01,TrueBlue Star Ltd.,INE472A01039,BLUESTARCO,500067.000000,2024-02-01,TrueBombay Burmah Trading Corporation Ltd.,INE050A01025,BBTC,501425.000000,2024-02-01,TrueBorosil Renewables Ltd.,INE666D01022,BORORENEW,502219.000000,2024-02-01,TrueBosch Ltd.,INE323A01026,BOSCHLTD,500530.000000,2024-02-01,TrueBrigade Enterprises Ltd.,INE791I01019,BRIGADE,532929.000000,2024-02-01,TrueBrightcom Group Ltd.,INE425B01027,BCG,532368.000000,2024-02-01,TrueBritannia Industries Ltd.,INE216A01030,BRITANNIA,500825.000000,2024-02-01,TrueC.E. Info Systems Ltd.,INE0BV301023,MAPMYINDIA,543425.000000,2024-02-01,TrueCCL Products (I) Ltd.,INE421D01022,CCL,519600.000000,2024-02-01,TrueCESC Ltd.,INE486A01021,CESC,500084.000000,2024-02-01,TrueCG Power and Industrial Solutions Ltd.,INE067A01029,CGPOWER,500093.000000,2024-02-01,TrueCIE Automotive India Ltd.,INE536H01010,CIEINDIA,532756.000000,2024-02-01,TrueCRISIL Ltd.,INE007A01025,CRISIL,500092.000000,2024-02-01,TrueCSB Bank Ltd.,INE679A01013,CSBBANK,542867.000000,2024-02-01,TrueCampus Activewear Ltd.,INE278Y01022,CAMPUS,543523.000000,2024-02-01,TrueCan Fin Homes Ltd.,INE477A01020,CANFINHOME,511196.000000,2024-02-01,TrueCanara Bank,INE476A01014,CANBK,532483.000000,2024-02-01,TrueCapri Global Capital Ltd.,INE180C01026,CGCL,531595.000000,2024-02-01,TrueCarborundum Universal Ltd.,INE120A01034,CARBORUNIV,513375.000000,2024-02-01,TrueCastrol India Ltd.,INE172A01027,CASTROLIND,500870.000000,2024-02-01,TrueCeat Ltd.,INE482A01020,CEATLTD,500878.000000,2024-02-01,TrueCentral Bank of India,INE483A01010,CENTRALBK,532885.000000,2024-02-01,TrueCentral Depository Services (India) Ltd.,INE736A01011,CDSL,-1.000000,2024-02-01,TrueCentury Plyboards (India) Ltd.,INE348B01021,CENTURYPLY,532548.000000,2024-02-01,TrueCentury Textile & Industries Ltd.,INE055A01016,CENTURYTEX,500040.000000,2024-02-01,TrueCera Sanitaryware Ltd,INE739E01017,CERA,532443.000000,2024-02-01,TrueChalet Hotels Ltd.,INE427F01016,CHALET,542399.000000,2024-02-01,TrueChambal Fertilizers & Chemicals Ltd.,INE085A01013,CHAMBLFERT,500085.000000,2024-02-01,TrueChemplast Sanmar Ltd.,INE488A01050,CHEMPLASTS,543336.000000,2024-02-01,TrueCholamandalam Financial Holdings Ltd.,INE149A01033,CHOLAHLDNG,504973.000000,2024-02-01,TrueCholamandalam Investment and Finance Company Ltd.,INE121A01024,CHOLAFIN,511243.000000,2024-02-01,TrueCipla Ltd.,INE059A01026,CIPLA,500087.000000,2024-02-01,TrueCity Union Bank Ltd.,INE491A01021,CUB,532210.000000,2024-02-01,TrueClean Science and Technology Ltd.,INE227W01023,CLEAN,543318.000000,2024-02-01,TrueCoal India Ltd.,INE522F01014,COALINDIA,533278.000000,2024-02-01,TrueCochin Shipyard Ltd.,INE704P01025,COCHINSHIP,540678.000000,2024-02-01,TrueCoforge Ltd.,INE591G01017,COFORGE,532541.000000,2024-02-01,TrueColgate Palmolive (India) Ltd.,INE259A01022,COLPAL,500830.000000,2024-02-01,TrueComputer Age Management Services Ltd.,INE596I01012,CAMS,543232.000000,2024-02-01,TrueConcord Biotech Ltd.,INE338H01029,CONCORDBIO,543960.000000,2024-02-01,TrueContainer Corporation of India Ltd.,INE111A01025,CONCOR,531344.000000,2024-02-01,TrueCoromandel International Ltd.,INE169A01031,COROMANDEL,506395.000000,2024-02-01,TrueCraftsman Automation Ltd.,INE00LO01017,CRAFTSMAN,543276.000000,2024-02-01,TrueCreditAccess Grameen Ltd.,INE741K01010,CREDITACC,541770.000000,2024-02-01,TrueCrompton Greaves Consumer Electricals Ltd.,INE299U01018,CROMPTON,539876.000000,2024-02-01,TrueCummins India Ltd.,INE298A01020,CUMMINSIND,500480.000000,2024-02-01,TrueCyient Ltd.,INE136B01020,CYIENT,532175.000000,2024-02-01,TrueDCM Shriram Ltd.,INE499A01024,DCMSHRIRAM,523367.000000,2024-02-01,TrueDLF Ltd.,INE271C01023,DLF,532868.000000,2024-02-01,TrueDabur India Ltd.,INE016A01026,DABUR,500096.000000,2024-02-01,TrueDalmia Bharat Ltd.,INE00R701025,DALBHARAT,542216.000000,2024-02-01,TrueData Patterns (India) Ltd.,INE0IX101010,DATAPATTNS,543428.000000,2024-02-01,TrueDeepak Fertilisers & Petrochemicals Corp. Ltd.,INE501A01019,DEEPAKFERT,500645.000000,2024-02-01,TrueDeepak Nitrite Ltd.,INE288B01029,DEEPAKNTR,506401.000000,2024-02-01,TrueDelhivery Ltd.,INE148O01028,DELHIVERY,543529.000000,2024-02-01,TrueDelta Corp Ltd.,INE124G01033,DELTACORP,532848.000000,2024-02-01,TrueDevyani International Ltd.,INE872J01023,DEVYANI,543330.000000,2024-02-01,TrueDivi's Laboratories Ltd.,INE361B01024,DIVISLAB,532488.000000,2024-02-01,TrueDixon Technologies (India) Ltd.,INE935N01020,DIXON,540699.000000,2024-02-01,TrueDr. Lal Path Labs Ltd.,INE600L01024,LALPATHLAB,539524.000000,2024-02-01,TrueDr. Reddy's Laboratories Ltd.,INE089A01023,DRREDDY,500124.000000,2024-02-01,TrueE.I.D. Parry (India) Ltd.,INE126A01031,EIDPARRY,500125.000000,2024-02-01,TrueEIH Ltd.,INE230A01023,EIHOTEL,500840.000000,2024-02-01,TrueEPL Ltd.,INE255A01020,EPL,500135.000000,2024-02-01,TrueEasy Trip Planners Ltd.,INE07O001026,EASEMYTRIP,543272.000000,2024-02-01,TrueEicher Motors Ltd.,INE066A01021,EICHERMOT,505200.000000,2024-02-01,TrueElgi Equipments Ltd.,INE285A01027,ELGIEQUIP,522074.000000,2024-02-01,TrueEmami Ltd.,INE548C01032,EMAMILTD,531162.000000,2024-02-01,TrueEndurance Technologies Ltd.,INE913H01037,ENDURANCE,540153.000000,2024-02-01,TrueEngineers India Ltd.,INE510A01028,ENGINERSIN,532178.000000,2024-02-01,TrueEpigral Ltd.,INE071N01016,EPIGRAL,543332.000000,2024-02-01,TrueEquitas Small Finance Bank Ltd.,INE063P01018,EQUITASBNK,543243.000000,2024-02-01,TrueEris Lifesciences Ltd.,INE406M01024,ERIS,540596.000000,2024-02-01,TrueEscorts Kubota Ltd.,INE042A01014,ESCORTS,500495.000000,2024-02-01,TrueExide Industries Ltd.,INE302A01020,EXIDEIND,500086.000000,2024-02-01,TrueFDC Ltd.,INE258B01022,FDC,531599.000000,2024-02-01,TrueFSN E-Commerce Ventures Ltd.,INE388Y01029,NYKAA,543384.000000,2024-02-01,TrueFederal Bank Ltd.,INE171A01029,FEDERALBNK,500469.000000,2024-02-01,TrueFertilisers and Chemicals Travancore Ltd.,INE188A01015,FACT,590024.000000,2024-02-01,TrueFine Organic Industries Ltd.,INE686Y01026,FINEORG,541557.000000,2024-02-01,TrueFinolex Cables Ltd.,INE235A01022,FINCABLES,500144.000000,2024-02-01,TrueFinolex Industries Ltd.,INE183A01024,FINPIPE,500940.000000,2024-02-01,TrueFirstsource Solutions Ltd.,INE684F01012,FSL,532809.000000,2024-02-01,TrueFive-Star Business Finance Ltd.,INE128S01021,FIVESTAR,543663.000000,2024-02-01,TrueFortis Healthcare Ltd.,INE061F01013,FORTIS,532843.000000,2024-02-01,TrueG R Infraprojects Ltd.,INE201P01022,GRINFRA,543317.000000,2024-02-01,TrueGAIL (India) Ltd.,INE129A01019,GAIL,532155.000000,2024-02-01,TrueGMM Pfaudler Ltd.,INE541A01023,GMMPFAUDLR,505255.000000,2024-02-01,TrueGMR Airports Infrastructure Ltd.,INE776C01039,GMRINFRA,532754.000000,2024-02-01,TrueGalaxy Surfactants Ltd.,INE600K01018,GALAXYSURF,540935.000000,2024-02-01,TrueGeneral Insurance Corporation of India,INE481Y01014,GICRE,540755.000000,2024-02-01,TrueGillette India Ltd.,INE322A01010,GILLETTE,507815.000000,2024-02-01,TrueGland Pharma Ltd.,INE068V01023,GLAND,543245.000000,2024-02-01,TrueGlaxosmithkline Pharmaceuticals Ltd.,INE159A01016,GLAXO,500660.000000,2024-02-01,TrueGlenmark Life Sciences Ltd.,INE03Q201024,GLS,543322.000000,2024-02-01,TrueGlenmark Pharmaceuticals Ltd.,INE935A01035,GLENMARK,532296.000000,2024-02-01,TrueGlobal Health Ltd.,INE474Q01031,MEDANTA,543654.000000,2024-02-01,TrueGo Fashion (India) Ltd.,INE0BJS01011,GOCOLORS,543401.000000,2024-02-01,TrueGodawari Power & Ispat Ltd.,INE177H01021,GPIL,532734.000000,2024-02-01,TrueGodfrey Phillips India Ltd.,INE260B01028,GODFRYPHLP,500163.000000,2024-02-01,TrueGodrej Consumer Products Ltd.,INE102D01028,GODREJCP,532424.000000,2024-02-01,TrueGodrej Industries Ltd.,INE233A01035,GODREJIND,500164.000000,2024-02-01,TrueGodrej Properties Ltd.,INE484J01027,GODREJPROP,533150.000000,2024-02-01,TrueGranules India Ltd.,INE101D01020,GRANULES,532482.000000,2024-02-01,TrueGraphite India Ltd.,INE371A01025,GRAPHITE,509488.000000,2024-02-01,TrueGrasim Industries Ltd.,INE047A01021,GRASIM,500300.000000,2024-02-01,TrueGreat Eastern Shipping Co. Ltd.,INE017A01032,GESHIP,500620.000000,2024-02-01,TrueGrindwell Norton Ltd.,INE536A01023,GRINDWELL,506076.000000,2024-02-01,TrueGujarat Alkalies & Chemicals Ltd.,INE186A01019,GUJALKALI,530001.000000,2024-02-01,TrueGujarat Ambuja Exports Ltd.,INE036B01030,GAEL,524226.000000,2024-02-01,TrueGujarat Fluorochemicals Ltd.,INE09N301011,FLUOROCHEM,542812.000000,2024-02-01,TrueGujarat Gas Ltd.,INE844O01030,GUJGASLTD,539336.000000,2024-02-01,TrueGujarat Narmada Valley Fertilizers and Chemicals Ltd.,INE113A01013,GNFC,500670.000000,2024-02-01,TrueGujarat Pipavav Port Ltd.,INE517F01014,GPPL,533248.000000,2024-02-01,TrueGujarat State Fertilizers & Chemicals Ltd.,INE026A01025,GSFC,500690.000000,2024-02-01,TrueGujarat State Petronet Ltd.,INE246F01010,GSPL,532702.000000,2024-02-01,TrueH.E.G. Ltd.,INE545A01016,HEG,509631.000000,2024-02-01,TrueHCL Technologies Ltd.,INE860A01027,HCLTECH,532281.000000,2024-02-01,TrueHDFC Asset Management Company Ltd.,INE127D01025,HDFCAMC,541729.000000,2024-02-01,TrueHDFC Bank Ltd.,INE040A01034,HDFCBANK,500180.000000,2024-02-01,TrueHDFC Life Insurance Company Ltd.,INE795G01014,HDFCLIFE,540777.000000,2024-02-01,TrueHFCL Ltd.,INE548A01028,HFCL,500183.000000,2024-02-01,TrueHLE Glascoat Ltd.,INE461D01028,HLEGLAS,522215.000000,2024-02-01,TrueHappiest Minds Technologies Ltd.,INE419U01012,HAPPSTMNDS,543227.000000,2024-02-01,TrueHavells India Ltd.,INE176B01034,HAVELLS,517354.000000,2024-02-01,TrueHero MotoCorp Ltd.,INE158A01026,HEROMOTOCO,500182.000000,2024-02-01,TrueHindalco Industries Ltd.,INE038A01020,HINDALCO,500440.000000,2024-02-01,TrueHindustan Aeronautics Ltd.,INE066F01020,HAL,541154.000000,2024-02-01,TrueHindustan Copper Ltd.,INE531E01026,HINDCOPPER,513599.000000,2024-02-01,TrueHindustan Petroleum Corporation Ltd.,INE094A01015,HINDPETRO,500104.000000,2024-02-01,TrueHindustan Unilever Ltd.,INE030A01027,HINDUNILVR,500696.000000,2024-02-01,TrueHindustan Zinc Ltd.,INE267A01025,HINDZINC,500188.000000,2024-02-01,TrueHitachi Energy India Ltd.,INE07Y701011,POWERINDIA,543187.000000,2024-02-01,TrueHome First Finance Company India Ltd.,INE481N01025,HOMEFIRST,543259.000000,2024-02-01,TrueHoneywell Automation India Ltd.,INE671A01010,HONAUT,517174.000000,2024-02-01,TrueHousing & Urban Development Corporation Ltd.,INE031A01017,HUDCO,540530.000000,2024-02-01,TrueICICI Bank Ltd.,INE090A01021,ICICIBANK,532174.000000,2024-02-01,TrueICICI Lombard General Insurance Company Ltd.,INE765G01017,ICICIGI,540716.000000,2024-02-01,TrueICICI Prudential Life Insurance Company Ltd.,INE726G01019,ICICIPRULI,540133.000000,2024-02-01,TrueICICI Securities Ltd.,INE763G01038,ISEC,541179.000000,2024-02-01,TrueIDBI Bank Ltd.,INE008A01015,IDBI,500116.000000,2024-02-01,TrueIDFC First Bank Ltd.,INE092T01019,IDFCFIRSTB,539437.000000,2024-02-01,TrueIDFC Ltd.,INE043D01016,IDFC,532659.000000,2024-02-01,TrueIIFL Finance Ltd.,INE530B01024,IIFL,532636.000000,2024-02-01,TrueIRB Infrastructure Developers Ltd.,INE821I01022,IRB,532947.000000,2024-02-01,TrueIRCON International Ltd.,INE962Y01021,IRCON,541956.000000,2024-02-01,TrueITC Ltd.,INE154A01025,ITC,500875.000000,2024-02-01,TrueITI Ltd.,INE248A01017,ITI,523610.000000,2024-02-01,TrueIndia Cements Ltd.,INE383A01012,INDIACEM,530005.000000,2024-02-01,TrueIndiabulls Housing Finance Ltd.,INE148I01020,IBULHSGFIN,535789.000000,2024-02-01,TrueIndiamart Intermesh Ltd.,INE933S01016,INDIAMART,542726.000000,2024-02-01,TrueIndian Bank,INE562A01011,INDIANB,532814.000000,2024-02-01,TrueIndian Energy Exchange Ltd.,INE022Q01020,IEX,540750.000000,2024-02-01,TrueIndian Hotels Co. Ltd.,INE053A01029,INDHOTEL,500850.000000,2024-02-01,TrueIndian Oil Corporation Ltd.,INE242A01010,IOC,530965.000000,2024-02-01,TrueIndian Overseas Bank,INE565A01014,IOB,532388.000000,2024-02-01,TrueIndian Railway Catering And Tourism Corporation Ltd.,INE335Y01020,IRCTC,542830.000000,2024-02-01,TrueIndian Railway Finance Corporation Ltd.,INE053F01010,IRFC,543257.000000,2024-02-01,TrueIndigo Paints Ltd.,INE09VQ01012,INDIGOPNTS,543258.000000,2024-02-01,TrueIndraprastha Gas Ltd.,INE203G01027,IGL,532514.000000,2024-02-01,TrueIndus Towers Ltd.,INE121J01017,INDUSTOWER,534816.000000,2024-02-01,TrueIndusInd Bank Ltd.,INE095A01012,INDUSINDBK,532187.000000,2024-02-01,TrueInfibeam Avenues Ltd.,INE483S01020,INFIBEAM,539807.000000,2024-02-01,TrueInfo Edge (India) Ltd.,INE663F01024,NAUKRI,532777.000000,2024-02-01,TrueInfosys Ltd.,INE009A01021,INFY,500209.000000,2024-02-01,TrueIngersoll Rand (India) Ltd.,INE177A01018,INGERRAND,500210.000000,2024-02-01,TrueIntellect Design Arena Ltd.,INE306R01017,INTELLECT,538835.000000,2024-02-01,TrueInterGlobe Aviation Ltd.,INE646L01027,INDIGO,539448.000000,2024-02-01,TrueIpca Laboratories Ltd.,INE571A01038,IPCALAB,524494.000000,2024-02-01,TrueJ.B. Chemicals & Pharmaceuticals Ltd.,INE572A01036,JBCHEPHARM,506943.000000,2024-02-01,TrueJ.K. Cement Ltd.,INE823G01014,JKCEMENT,532644.000000,2024-02-01,TrueJBM Auto Ltd.,INE927D01044,JBMA,532605.000000,2024-02-01,TrueJK Lakshmi Cement Ltd.,INE786A01032,JKLAKSHMI,500380.000000,2024-02-01,TrueJK Paper Ltd.,INE789E01012,JKPAPER,532162.000000,2024-02-01,TrueJM Financial Ltd.,INE780C01023,JMFINANCIL,523405.000000,2024-02-01,TrueJSW Energy Ltd.,INE121E01018,JSWENERGY,533148.000000,2024-02-01,TrueJSW Steel Ltd.,INE019A01038,JSWSTEEL,500228.000000,2024-02-01,TrueJamna Auto Industries Ltd.,INE039C01032,JAMNAAUTO,520051.000000,2024-02-01,TrueJindal Saw Ltd.,INE324A01024,JINDALSAW,500378.000000,2024-02-01,TrueJindal Stainless Ltd.,INE220G01021,JSL,532508.000000,2024-02-01,TrueJindal Steel & Power Ltd.,INE749A01030,JINDALSTEL,532286.000000,2024-02-01,TrueJubilant Foodworks Ltd.,INE797F01020,JUBLFOOD,533155.000000,2024-02-01,TrueJubilant Ingrevia Ltd.,INE0BY001018,JUBLINGREA,543271.000000,2024-02-01,TrueJubilant Pharmova Ltd.,INE700A01033,JUBLPHARMA,530019.000000,2024-02-01,TrueJustdial Ltd.,INE599M01018,JUSTDIAL,535648.000000,2024-02-01,TrueJyothy Labs Ltd.,INE668F01031,JYOTHYLAB,532926.000000,2024-02-01,TrueK.P.R. Mill Ltd.,INE930H01031,KPRMILL,532889.000000,2024-02-01,TrueKEI Industries Ltd.,INE878B01027,KEI,517569.000000,2024-02-01,TrueKNR Constructions Ltd.,INE634I01029,KNRCON,532942.000000,2024-02-01,TrueKPIT Technologies Ltd.,INE04I401011,KPITTECH,542651.000000,2024-02-01,TrueKRBL Ltd.,INE001B01026,KRBL,530813.000000,2024-02-01,TrueKSB Ltd.,INE999A01015,KSB,500249.000000,2024-02-01,TrueKajaria Ceramics Ltd.,INE217B01036,KAJARIACER,500233.000000,2024-02-01,TrueKalpataru Projects International Ltd.,INE220B01022,KPIL,522287.000000,2024-02-01,TrueKalyan Jewellers India Ltd.,INE303R01014,KALYANKJIL,543278.000000,2024-02-01,TrueKansai Nerolac Paints Ltd.,INE531A01024,KANSAINER,500165.000000,2024-02-01,TrueKarur Vysya Bank Ltd.,INE036D01028,KARURVYSYA,590003.000000,2024-02-01,TrueKaynes Technology India Ltd.,INE918Z01012,KAYNES,543664.000000,2024-02-01,TrueKec International Ltd.,INE389H01022,KEC,532714.000000,2024-02-01,TrueKfin Technologies Ltd.,INE138Y01010,KFINTECH,543720.000000,2024-02-01,TrueKotak Mahindra Bank Ltd.,INE237A01028,KOTAKBANK,500247.000000,2024-02-01,TrueKrishna Institute of Medical Sciences Ltd.,INE967H01017,KIMS,543308.000000,2024-02-01,TrueL&T Finance Holdings Ltd.,INE498L01015,L&TFH,533519.000000,2024-02-01,TrueL&T Technology Services Ltd.,INE010V01017,LTTS,540115.000000,2024-02-01,TrueLIC Housing Finance Ltd.,INE115A01026,LICHSGFIN,500253.000000,2024-02-01,TrueLTIMindtree Ltd.,INE214T01019,LTIM,540005.000000,2024-02-01,TrueLakshmi Machine Works Ltd.,INE269B01029,LAXMIMACH,500252.000000,2024-02-01,TrueLarsen & Toubro Ltd.,INE018A01030,LT,500510.000000,2024-02-01,TrueLatent View Analytics Ltd.,INE0I7C01011,LATENTVIEW,543398.000000,2024-02-01,TrueLaurus Labs Ltd.,INE947Q01028,LAURUSLABS,540222.000000,2024-02-01,TrueLaxmi Organic Industries Ltd.,INE576O01020,LXCHEM,543277.000000,2024-02-01,TrueLemon Tree Hotels Ltd.,INE970X01018,LEMONTREE,541233.000000,2024-02-01,TrueLife Insurance Corporation of India,INE0J1Y01017,LICI,543526.000000,2024-02-01,TrueLinde India Ltd.,INE473A01011,LINDEINDIA,523457.000000,2024-02-01,TrueLupin Ltd.,INE326A01037,LUPIN,500257.000000,2024-02-01,TrueLux Industries Ltd.,INE150G01020,LUXIND,539542.000000,2024-02-01,TrueMMTC Ltd.,INE123F01029,MMTC,513377.000000,2024-02-01,TrueMRF Ltd.,INE883A01011,MRF,500290.000000,2024-02-01,TrueMTAR Technologies Ltd.,INE864I01014,MTARTECH,543270.000000,2024-02-01,TrueMacrotech Developers Ltd.,INE670K01029,LODHA,543287.000000,2024-02-01,TrueMahanagar Gas Ltd.,INE002S01010,MGL,539957.000000,2024-02-01,TrueMahindra & Mahindra Financial Services Ltd.,INE774D01024,M&MFIN,532720.000000,2024-02-01,TrueMahindra & Mahindra Ltd.,INE101A01026,M&M,500520.000000,2024-02-01,TrueMahindra Holidays & Resorts India Ltd.,INE998I01010,MHRIL,533088.000000,2024-02-01,TrueMahindra Lifespace Developers Ltd.,INE813A01018,MAHLIFE,532313.000000,2024-02-01,TrueManappuram Finance Ltd.,INE522D01027,MANAPPURAM,531213.000000,2024-02-01,TrueMangalore Refinery & Petrochemicals Ltd.,INE103A01014,MRPL,500109.000000,2024-02-01,TrueMankind Pharma Ltd.,INE634S01028,MANKIND,543904.000000,2024-02-01,TrueMarico Ltd.,INE196A01026,MARICO,531642.000000,2024-02-01,TrueMaruti Suzuki India Ltd.,INE585B01010,MARUTI,532500.000000,2024-02-01,TrueMastek Ltd.,INE759A01021,MASTEK,523704.000000,2024-02-01,TrueMax Financial Services Ltd.,INE180A01020,MFSL,500271.000000,2024-02-01,TrueMax Healthcare Institute Ltd.,INE027H01010,MAXHEALTH,543220.000000,2024-02-01,TrueMazagoan Dock Shipbuilders Ltd.,INE249Z01012,MAZDOCK,543237.000000,2024-02-01,TrueMedplus Health Services Ltd.,INE804L01022,MEDPLUS,543427.000000,2024-02-01,TrueMetro Brands Ltd.,INE317I01021,METROBRAND,543426.000000,2024-02-01,TrueMetropolis Healthcare Ltd.,INE112L01020,METROPOLIS,542650.000000,2024-02-01,TrueMinda Corporation Ltd.,INE842C01021,MINDACORP,538962.000000,2024-02-01,TrueMotherson Sumi Wiring India Ltd.,INE0FS801015,MSUMI,543498.000000,2024-02-01,TrueMotilal Oswal Financial Services Ltd.,INE338I01027,MOTILALOFS,532892.000000,2024-02-01,TrueMphasiS Ltd.,INE356A01018,MPHASIS,526299.000000,2024-02-01,TrueMulti Commodity Exchange of India Ltd.,INE745G01035,MCX,534091.000000,2024-02-01,TrueMuthoot Finance Ltd.,INE414G01012,MUTHOOTFIN,533398.000000,2024-02-01,TrueNATCO Pharma Ltd.,INE987B01026,NATCOPHARM,524816.000000,2024-02-01,TrueNBCC (India) Ltd.,INE095N01031,NBCC,534309.000000,2024-02-01,TrueNCC Ltd.,INE868B01028,NCC,500294.000000,2024-02-01,TrueNHPC Ltd.,INE848E01016,NHPC,533098.000000,2024-02-01,TrueNLC India Ltd.,INE589A01014,NLCINDIA,513683.000000,2024-02-01,TrueNMDC Ltd.,INE584A01023,NMDC,526371.000000,2024-02-01,TrueNMDC Steel Ltd.,INE0NNS01018,NSLNISP,543768.000000,2024-02-01,TrueNTPC Ltd.,INE733E01010,NTPC,532555.000000,2024-02-01,TrueNarayana Hrudayalaya Ltd.,INE410P01011,NH,539551.000000,2024-02-01,TrueNational Aluminium Co. Ltd.,INE139A01034,NATIONALUM,532234.000000,2024-02-01,TrueNavin Fluorine International Ltd.,INE048G01026,NAVINFLUOR,532504.000000,2024-02-01,TrueNazara Technologies Ltd.,INE418L01021,NAZARA,543280.000000,2024-02-01,TrueNestle India Ltd.,INE239A01024,NESTLEIND,500790.000000,2024-02-01,TrueNetwork18 Media & Investments Ltd.,INE870H01013,NETWORK18,532798.000000,2024-02-01,TrueNippon Life India Asset Management Ltd.,INE298J01013,NAM-INDIA,540767.000000,2024-02-01,TrueNuvoco Vistas Corporation Ltd.,INE118D01016,NUVOCO,543334.000000,2024-02-01,TrueOberoi Realty Ltd.,INE093I01010,OBEROIRLTY,533273.000000,2024-02-01,TrueOil & Natural Gas Corporation Ltd.,INE213A01029,ONGC,500312.000000,2024-02-01,TrueOil India Ltd.,INE274J01014,OIL,533106.000000,2024-02-01,TrueOlectra Greentech Ltd.,INE260D01016,OLECTRA,532439.000000,2024-02-01,TrueOne 97 Communications Ltd.,INE982J01020,PAYTM,543396.000000,2024-02-01,TrueOracle Financial Services Software Ltd.,INE881D01027,OFSS,532466.000000,2024-02-01,TrueOrient Electric Ltd.,INE142Z01019,ORIENTELEC,541301.000000,2024-02-01,TruePB Fintech Ltd.,INE417T01026,POLICYBZR,543390.000000,2024-02-01,TruePCBL Ltd.,INE602A01031,PCBL,506590.000000,2024-02-01,TruePI Industries Ltd.,INE603J01030,PIIND,523642.000000,2024-02-01,TruePNB Housing Finance Ltd.,INE572E01012,PNBHOUSING,540173.000000,2024-02-01,TruePNC Infratech Ltd.,INE195J01029,PNCINFRA,539150.000000,2024-02-01,TruePVR INOX Ltd.,INE191H01014,PVRINOX,532689.000000,2024-02-01,TruePage Industries Ltd.,INE761H01022,PAGEIND,532827.000000,2024-02-01,TruePatanjali Foods Ltd.,INE619A01035,PATANJALI,500368.000000,2024-02-01,TruePersistent Systems Ltd.,INE262H01013,PERSISTENT,533179.000000,2024-02-01,TruePetronet LNG Ltd.,INE347G01014,PETRONET,532522.000000,2024-02-01,TruePfizer Ltd.,INE182A01018,PFIZER,500680.000000,2024-02-01,TruePhoenix Mills Ltd.,INE211B01039,PHOENIXLTD,503100.000000,2024-02-01,TruePidilite Industries Ltd.,INE318A01026,PIDILITIND,500331.000000,2024-02-01,TruePiramal Enterprises Ltd.,INE140A01024,PEL,500302.000000,2024-02-01,TruePiramal Pharma Ltd.,INE0DK501011,PPLPHARMA,543635.000000,2024-02-01,TruePoly Medicure Ltd.,INE205C01021,POLYMED,531768.000000,2024-02-01,TruePolycab India Ltd.,INE455K01017,POLYCAB,542652.000000,2024-02-01,TruePolyplex Corporation Ltd.,INE633B01018,POLYPLEX,524051.000000,2024-02-01,TruePoonawalla Fincorp Ltd.,INE511C01022,POONAWALLA,524000.000000,2024-02-01,TruePower Finance Corporation Ltd.,INE134E01011,PFC,532810.000000,2024-02-01,TruePower Grid Corporation of India Ltd.,INE752E01010,POWERGRID,532898.000000,2024-02-01,TruePraj Industries Ltd.,INE074A01025,PRAJIND,522205.000000,2024-02-01,TruePrestige Estates Projects Ltd.,INE811K01011,PRESTIGE,533274.000000,2024-02-01,TruePrince Pipes and Fittings Ltd.,INE689W01016,PRINCEPIPE,542907.000000,2024-02-01,TruePrism Johnson Ltd.,INE010A01011,PRSMJOHNSN,500338.000000,2024-02-01,TrueProcter & Gamble Health Ltd.,INE199A01012,PGHL,500126.000000,2024-02-01,TrueProcter & Gamble Hygiene & Health Care Ltd.,INE179A01014,PGHH,500459.000000,2024-02-01,TruePunjab National Bank,INE160A01022,PNB,532461.000000,2024-02-01,TrueQuess Corp Ltd.,INE615P01015,QUESS,539978.000000,2024-02-01,TrueRBL Bank Ltd.,INE976G01028,RBLBANK,540065.000000,2024-02-01,TrueREC Ltd.,INE020B01018,RECLTD,532955.000000,2024-02-01,TrueRHI MAGNESITA INDIA LTD.,INE743M01012,RHIM,534076.000000,2024-02-01,TrueRITES Ltd.,INE320J01015,RITES,541556.000000,2024-02-01,TrueRadico Khaitan Ltd,INE944F01028,RADICO,532497.000000,2024-02-01,TrueRail Vikas Nigam Ltd.,INE415G01027,RVNL,542649.000000,2024-02-01,TrueRain Industries Ltd,INE855B01025,RAIN,500339.000000,2024-02-01,TrueRainbow Childrens Medicare Ltd.,INE961O01016,RAINBOW,543524.000000,2024-02-01,TrueRajesh Exports Ltd.,INE343B01030,RAJESHEXPO,531500.000000,2024-02-01,TrueRallis India Ltd.,INE613A01020,RALLIS,500355.000000,2024-02-01,TrueRashtriya Chemicals & Fertilizers Ltd.,INE027A01015,RCF,524230.000000,2024-02-01,TrueRatnamani Metals & Tubes Ltd.,INE703B01027,RATNAMANI,520111.000000,2024-02-01,TrueRattanIndia Enterprises Ltd.,INE834M01019,RTNINDIA,534597.000000,2024-02-01,TrueRaymond Ltd.,INE301A01014,RAYMOND,500330.000000,2024-02-01,TrueRedington Ltd.,INE891D01026,REDINGTON,532805.000000,2024-02-01,TrueRelaxo Footwears Ltd.,INE131B01039,RELAXO,530517.000000,2024-02-01,TrueReliance Industries Ltd.,INE002A01018,RELIANCE,500325.000000,2024-02-01,TrueRestaurant Brands Asia Ltd.,INE07T201019,RBA,543248.000000,2024-02-01,TrueRossari Biotech Ltd.,INE02A801020,ROSSARI,543213.000000,2024-02-01,TrueRoute Mobile Ltd.,INE450U01017,ROUTE,543228.000000,2024-02-01,TrueSBI Cards and Payment Services Ltd.,INE018E01016,SBICARD,543066.000000,2024-02-01,TrueSBI Life Insurance Company Ltd.,INE123W01016,SBILIFE,540719.000000,2024-02-01,TrueSJVN Ltd.,INE002L01015,SJVN,533206.000000,2024-02-01,TrueSKF India Ltd.,INE640A01023,SKFINDIA,500472.000000,2024-02-01,TrueSRF Ltd.,INE647A01010,SRF,503806.000000,2024-02-01,TrueSafari Industries (India) Ltd.,INE429E01023,SAFARI,523025.000000,2024-02-01,TrueSamvardhana Motherson International Ltd.,INE775A01035,MOTHERSON,517334.000000,2024-02-01,TrueSanofi India Ltd.,INE058A01010,SANOFI,500674.000000,2024-02-01,TrueSapphire Foods India Ltd.,INE806T01012,SAPPHIRE,543397.000000,2024-02-01,TrueSaregama India Ltd,INE979A01025,SAREGAMA,532163.000000,2024-02-01,TrueSchaeffler India Ltd.,INE513A01022,SCHAEFFLER,505790.000000,2024-02-01,TrueSharda Cropchem Ltd.,INE221J01015,SHARDACROP,538666.000000,2024-02-01,TrueSheela Foam Ltd.,INE916U01025,SFL,540203.000000,2024-02-01,TrueShoppers Stop Ltd.,INE498B01024,SHOPERSTOP,532638.000000,2024-02-01,TrueShree Cement Ltd.,INE070A01015,SHREECEM,500387.000000,2024-02-01,TrueShree Renuka Sugars Ltd.,INE087H01022,RENUKA,532670.000000,2024-02-01,TrueShriram Finance Ltd.,INE721A01013,SHRIRAMFIN,511218.000000,2024-02-01,TrueShyam Metalics and Energy Ltd.,INE810G01011,SHYAMMETL,543299.000000,2024-02-01,TrueSiemens Ltd.,INE003A01024,SIEMENS,500550.000000,2024-02-01,TrueSobha Ltd.,INE671H01015,SOBHA,532784.000000,2024-02-01,TrueSolar Industries India Ltd.,INE343H01029,SOLARINDS,532725.000000,2024-02-01,TrueSona BLW Precision Forgings Ltd.,INE073K01018,SONACOMS,543300.000000,2024-02-01,TrueSonata Software Ltd.,INE269A01021,SONATSOFTW,532221.000000,2024-02-01,TrueStar Health and Allied Insurance Company Ltd.,INE575P01011,STARHEALTH,543412.000000,2024-02-01,TrueState Bank of India,INE062A01020,SBIN,500112.000000,2024-02-01,TrueSteel Authority of India Ltd.,INE114A01011,SAIL,500113.000000,2024-02-01,TrueSterling and Wilson Renewable Energy Ltd.,INE00M201021,SWSOLAR,542760.000000,2024-02-01,TrueSterlite Technologies Ltd.,INE089C01029,STLTECH,532374.000000,2024-02-01,TrueSumitomo Chemical India Ltd.,INE258G01013,SUMICHEM,542920.000000,2024-02-01,TrueSun Pharma Advanced Research Company Ltd.,INE232I01014,SPARC,532872.000000,2024-02-01,TrueSun Pharmaceutical Industries Ltd.,INE044A01036,SUNPHARMA,524715.000000,2024-02-01,TrueSun TV Network Ltd.,INE424H01027,SUNTV,532733.000000,2024-02-01,TrueSundaram Finance Ltd.,INE660A01013,SUNDARMFIN,590071.000000,2024-02-01,TrueSundram Fasteners Ltd.,INE387A01021,SUNDRMFAST,500403.000000,2024-02-01,TrueSunteck Realty Ltd.,INE805D01034,SUNTECK,512179.000000,2024-02-01,TrueSuprajit Engineering Ltd.,INE399C01030,SUPRAJIT,532509.000000,2024-02-01,TrueSupreme Industries Ltd.,INE195A01028,SUPREMEIND,509930.000000,2024-02-01,TrueSuven Pharmaceuticals Ltd.,INE03QK01018,SUVENPHAR,543064.000000,2024-02-01,TrueSuzlon Energy Ltd.,INE040H01021,SUZLON,532667.000000,2024-02-01,TrueSwan Energy Ltd.,INE665A01038,SWANENERGY,503310.000000,2024-02-01,TrueSymphony Ltd.,INE225D01027,SYMPHONY,517385.000000,2024-02-01,TrueSyngene International Ltd.,INE398R01022,SYNGENE,539268.000000,2024-02-01,TrueSyrma SGS Technology Ltd.,INE0DYJ01015,SYRMA,543573.000000,2024-02-01,TrueTTK Prestige Ltd.,INE690A01028,TTKPRESTIG,517506.000000,2024-02-01,TrueTV18 Broadcast Ltd.,INE886H01027,TV18BRDCST,532800.000000,2024-02-01,TrueTVS Motor Company Ltd.,INE494B01023,TVSMOTOR,532343.000000,2024-02-01,TrueTanla Platforms Ltd.,INE483C01032,TANLA,532790.000000,2024-02-01,TrueTata Chemicals Ltd.,INE092A01019,TATACHEM,500770.000000,2024-02-01,TrueTata Communications Ltd.,INE151A01013,TATACOMM,500483.000000,2024-02-01,TrueTata Consultancy Services Ltd.,INE467B01029,TCS,532540.000000,2024-02-01,TrueTata Consumer Products Ltd.,INE192A01025,TATACONSUM,500800.000000,2024-02-01,TrueTata Elxsi Ltd.,INE670A01012,TATAELXSI,500408.000000,2024-02-01,TrueTata Investment Corporation Ltd.,INE672A01018,TATAINVEST,501301.000000,2024-02-01,TrueTata Motors Ltd DVR,IN9155A01020,TATAMTRDVR,570001.000000,2024-02-01,FalseTata Motors Ltd.,INE155A01022,TATAMOTORS,500570.000000,2024-02-01,TrueTata Power Co. Ltd.,INE245A01021,TATAPOWER,500400.000000,2024-02-01,TrueTata Steel Ltd.,INE081A01020,TATASTEEL,500470.000000,2024-02-01,TrueTata Teleservices (Maharashtra) Ltd.,INE517B01013,TTML,532371.000000,2024-02-01,TrueTeamlease Services Ltd.,INE985S01024,TEAMLEASE,539658.000000,2024-02-01,TrueTech Mahindra Ltd.,INE669C01036,TECHM,532755.000000,2024-02-01,TrueTejas Networks Ltd.,INE010J01012,TEJASNET,540595.000000,2024-02-01,TrueThe New India Assurance Company Ltd.,INE470Y01017,NIACL,540769.000000,2024-02-01,TrueThe Ramco Cements Ltd.,INE331A01037,RAMCOCEM,500260.000000,2024-02-01,TrueThermax Ltd.,INE152A01029,THERMAX,500411.000000,2024-02-01,TrueTimken India Ltd.,INE325A01013,TIMKEN,522113.000000,2024-02-01,TrueTitan Company Ltd.,INE280A01028,TITAN,500114.000000,2024-02-01,TrueTorrent Pharmaceuticals Ltd.,INE685A01028,TORNTPHARM,500420.000000,2024-02-01,TrueTorrent Power Ltd.,INE813H01021,TORNTPOWER,532779.000000,2024-02-01,TrueTrent Ltd.,INE849A01020,TRENT,500251.000000,2024-02-01,TrueTrident Ltd.,INE064C01022,TRIDENT,521064.000000,2024-02-01,TrueTriveni Engineering & Industries Ltd.,INE256C01024,TRIVENI,532356.000000,2024-02-01,TrueTriveni Turbine Ltd.,INE152M01016,TRITURBINE,533655.000000,2024-02-01,TrueTube Investments of India Ltd.,INE974X01010,TIINDIA,540762.000000,2024-02-01,TrueUCO Bank,INE691A01018,UCOBANK,532505.000000,2024-02-01,TrueUNO Minda Ltd.,INE405E01023,UNOMINDA,532539.000000,2024-02-01,TrueUPL Ltd.,INE628A01036,UPL,512070.000000,2024-02-01,TrueUTI Asset Management Company Ltd.,INE094J01016,UTIAMC,543238.000000,2024-02-01,TrueUjjivan Small Finance Bank Ltd.,INE551W01018,UJJIVANSFB,542904.000000,2024-02-01,TrueUltraTech Cement Ltd.,INE481G01011,ULTRACEMCO,532538.000000,2024-02-01,TrueUnion Bank of India,INE692A01016,UNIONBANK,532477.000000,2024-02-01,TrueUnited Breweries Ltd.,INE686F01025,UBL,532478.000000,2024-02-01,TrueUnited Spirits Ltd.,INE854D01024,MCDOWELL-N,532432.000000,2024-02-01,TrueUsha Martin Ltd.,INE228A01035,USHAMART,517146.000000,2024-02-01,TrueV-Guard Industries Ltd.,INE951I01027,VGUARD,532953.000000,2024-02-01,TrueV-Mart Retail Ltd.,INE665J01013,VMART,534976.000000,2024-02-01,TrueV.I.P. Industries Ltd.,INE054A01027,VIPIND,507880.000000,2024-02-01,TrueVaibhav Global Ltd.,INE884A01027,VAIBHAVGBL,532156.000000,2024-02-01,TrueVardhman Textiles Ltd.,INE825A01020,VTL,502986.000000,2024-02-01,TrueVarroc Engineering Ltd.,INE665L01035,VARROC,541578.000000,2024-02-01,TrueVarun Beverages Ltd.,INE200M01021,VBL,540180.000000,2024-02-01,TrueVedant Fashions Ltd.,INE825V01034,MANYAVAR,543463.000000,2024-02-01,TrueVedanta Ltd.,INE205A01025,VEDL,500295.000000,2024-02-01,TrueVijaya Diagnostic Centre Ltd.,INE043W01024,VIJAYA,543350.000000,2024-02-01,TrueVinati Organics Ltd.,INE410B01037,VINATIORGA,524200.000000,2024-02-01,TrueVodafone Idea Ltd.,INE669E01016,IDEA,532822.000000,2024-02-01,TrueVoltas Ltd.,INE226A01021,VOLTAS,500575.000000,2024-02-01,TrueWelspun Corp Ltd.,INE191B01025,WELCORP,532144.000000,2024-02-01,TrueWelspun Living Ltd.,INE192B01031,WELSPUNLIV,514162.000000,2024-02-01,TrueWestlife Foodworld Ltd.,INE274F01020,WESTLIFE,505533.000000,2024-02-01,TrueWhirlpool of India Ltd.,INE716A01013,WHIRLPOOL,500238.000000,2024-02-01,TrueWipro Ltd.,INE075A01022,WIPRO,507685.000000,2024-02-01,TrueYes Bank Ltd.,INE528G01035,YESBANK,532648.000000,2024-02-01,TrueZF Commercial Vehicle Control Systems India Ltd.,INE342J01019,ZFCVINDIA,533023.000000,2024-02-01,TrueZee Entertainment Enterprises Ltd.,INE256A01028,ZEEL,505537.000000,2024-02-01,TrueZensar Technolgies Ltd.,INE520A01027,ZENSARTECH,504067.000000,2024-02-01,TrueZomato Ltd.,INE758T01015,ZOMATO,543320.000000,2024-02-01,TrueZydus Lifesciences Ltd.,INE010B01027,ZYDUSLIFE,532321.000000,2024-02-01,TrueZydus Wellness Ltd.,INE768C01010,ZYDUSWELL,531335.000000,2024-02-01,TrueeClerx Services Ltd.,INE738I01010,ECLERX,532927.000000,2024-02-01,TrueAditya Birla Sun Life AMC LTd,INE404A01024,ABSLAMC,543374.000000,2024-02-01,TrueAkzo Nobel India Ltd,INE133A01011,AKZOINDIA,500710.000000,2024-02-01,TrueAstraZeneca Pharm India,INE203A01020,ASTRAZEN,506820.000000,2024-02-01,TrueBASF India Limited,INE373A01013,BASF,500042.000000,2024-02-01,TrueCaplin Point Laboratories Ltd,INE475E01026,CAPLIPOINT,524742.000000,2024-02-01,TrueEsab India Ltd,INE284A01012,ESABINDIA,500133.000000,2024-02-01,TrueEureka Forbes Limited,INE0KCE01017,,543482.000000,2024-02-01,TrueGarware Technical Fibres Ltd,INE276A01018,GARFIBRES,509557.000000,2024-02-01,TrueGodrej Agrovet Ltd,INE850D01014,GODREJAGRO,540743.000000,2024-02-01,TrueHatsun Agro Products Ltd,INE473B01035,HATSUN,531531.000000,2024-02-01,TrueJindal Worldwide Ltd.,INE247D01039,JINDWORLD,531543.000000,2024-02-01,TrueJupiter Wagons Ltd,INE209L01016,JWL,533272.000000,2024-02-01,TrueKama Holdings Ltd.,INE411F01010,,532468.000000,2024-02-01,TrueKIOCL Ltd,INE880L01014,KIOCL,540680.000000,2024-02-01,TrueLa Opala Rg Ltd.,INE059D01020,LAOPALA,526947.000000,2024-02-01,TrueLloyds Metals & Energy Ltd.,INE281B01032,LLOYDSME,512455.000000,2024-02-01,TrueMaharashtra Scooters Ltd.,INE288A01013,MAHSCOOTER,500266.000000,2024-02-01,TrueMAS Financial Services Ltd,INE348L01012,MASFIN,540749.000000,2024-02-01,TrueMishra Dhatu Nigam Ltd,INE099Z01011,MIDHANI,541195.000000,2024-02-01,TrueNesco Ltd.,INE317F01035,NESCO,505355.000000,2024-02-01,TruePrivi Speciality Chemicals Ltd,INE959A01019,PRIVISCL,530117.000000,2024-02-01,TruePunjab & Sind Bank,INE608A01012,PSB,533295.000000,2024-02-01,TrueRamkrishna Forgings Ltd,INE399G01023,RKFORGE,532527.000000,2024-02-01,TrueSIS Limited,INE285J01028,SIS,540673.000000,2024-02-01,TrueStar Cement Ltd,INE460H01021,STARCEMENT,540575.000000,2024-02-01,TrueSupreme Petrochem Ltd.,INE663A01033,SPLPETRO,500405.000000,2024-02-01,TrueTamilnad Mercantile Bank Ltd,INE668A01016,TMB,543596.000000,2024-02-01,TrueTCI Express Ltd,INE586V01016,TCIEXP,540212.000000,2024-02-01,TrueVST Industries Ltd.,INE710A01016,VSTIND,509966.000000,2024-02-01,TrueForce Motors Ltd.,INE451A01017,FORCEMOT,500033.000000,2023-12-31,TrueTata Technologies Ltd.,INE142M01025,TATATECH,544028.000000,2023-12-31,TrueVST Tillers Tractors Ltd.,INE764D01017,VSTTILLERS,531266.000000,2023-12-31,TrueAtul Auto Ltd.,INE951D01028,ATULAUTO,531795.000000,2023-12-31,TrueJTEKT India Ltd.,INE643A01035,JTEKTINDIA,520057.000000,2023-12-31,TrueAutomotive Axles Ltd.,INE449A01011,AUTOAXLES,505010.000000,2023-12-31,TrueRane Holdings Ltd.,INE384A01010,RANEHOLDIN,505800.000000,2023-12-31,TrueRane (Madras) Ltd.,INE050H01012,RML,532661.000000,2023-12-31,TrueWheels India Ltd.,INE715A01015,WHEELS,590073.000000,2023-12-31,TrueSteel Strips Wheels Ltd.,INE802C01033,SSWL,513262.000000,2023-12-31,TrueFederal-Mogul Goetze (India) Ltd.,INE529A01010,FMGOETZE,505744.000000,2023-12-31,TrueGNA Axles Ltd.,INE934S01014,GNA,540124.000000,2023-12-31,TrueLumax Industries Ltd.,INE162B01018,LUMAXIND,517206.000000,2023-12-31,TrueFIEM Industries Ltd.,INE737H01014,FIEMIND,532768.000000,2023-12-31,TrueSubros Ltd.,INE287B01021,SUBROS,517168.000000,2023-12-15,TrueGabriel India Ltd.,INE524A01029,GABRIEL,505714.000000,2023-12-31,TrueShriram Pistons & Rings Ltd.,INE526E01018,SHRIPISTON,-1.000000,2023-12-31,TrueLumax Auto Technologies Ltd.,INE872H01027,LUMAXTECH,532796.000000,2023-12-31,TrueSandhar Technologies Ltd.,INE278H01035,SANDHAR,541163.000000,2023-12-31,TrueHappy Forgings Ltd.,INE330T01021,HAPPYFORGE,544057.000000,2023-12-31,TrueDivgi Torqtransfer Systems Ltd.,INE753U01022,DIVGIITTS,543812.000000,2023-12-31,TrueGoodyear India Ltd.,INE533A01012,GOODYEAR,500168.000000,2023-12-31,TrueJK Tyre & Industries Ltd.,INE573A01042,JKTYRE,530007.000000,2023-12-31,TrueTVS Srichakra Ltd.,INE421C01016,TVSSRICHAK,509243.000000,2023-12-31,TrueOriental Carbon & Chemicals Ltd.,INE321D01016,OCCL,506579.000000,2023-12-31,TrueAditya Vision Ltd.,INE679V01019,,540205.000000,2023-12-31,TrueASK Automotive Ltd.,INE491J01022,ASKAUTOLTD,544022.000000,2023-12-31,TrueLandmark Cars Ltd.,INE559R01029,LANDMARK,543714.000000,2023-12-31,TrueTata Coffee Ltd.,INE493A01027,,532301.000000,2023-12-31,TrueRossell India Ltd.,INE847C01020,ROSSELLIND,533168.000000,2023-12-31,TrueHindustan Foods Ltd.,INE254N01026,HNDFDS,519126.000000,2023-12-31,TrueHeritage Foods Ltd.,INE978A01027,HERITGFOOD,519552.000000,2023-12-31,TrueAgro Tech Foods Ltd.,INE209A01019,ATFL,500215.000000,2023-12-31,TrueBajaj Hindusthan Sugar Ltd.,INE306A01021,BAJAJHIND,500032.000000,2023-12-31,TrueISGEC Heavy Engineering Ltd.,INE858B01029,ISGEC,533033.000000,2023-12-31,TrueManpasand Beverages Ltd.,INE122R01018,MANPASAND,539207.000000,2023-12-15,TrueSula Vineyards Ltd.,INE142Q01026,SULA,543711.000000,2023-12-31,TrueTilaknagar Industries Ltd.,INE133E01013,TI,507205.000000,2023-12-31,TrueAssociated Alcohols & Breweries Ltd.,INE073G01016,ASALCBR,507526.000000,2023-12-31,TrueGlobus Spirits Ltd.,INE615I01010,GLOBUSSPR,533104.000000,2023-12-31,TrueManorama Industries Ltd.,INE00VM01010,MANORAMA,541974.000000,2023-12-31,TrueKaveri Seed Company Ltd.,INE455I01029,KSCL,532899.000000,2023-12-31,TrueNath Bio-Genes (India) Ltd.,INE448G01010,NATHBIOGEN,537291.000000,2023-12-31,TrueAdvanced Enzyme Technologies Ltd.,INE837H01020,ADVENZYMES,540025.000000,2023-12-31,TrueSupriya Lifescience Ltd.,INE07RO01027,SUPRIYA,543434.000000,2023-12-31,TrueDigidrive Distributors Ltd.,INE0PSC01024,DIGIDRIVE,544079.000000,2023-12-31,TrueDodla Dairy Ltd.,INE021O01019,DODLA,543306.000000,2023-12-31,TrueParag Milk Foods Ltd.,INE883N01014,PARAGMILK,539889.000000,2023-12-31,TruePrataap Snacks Ltd.,INE393P01035,DIAMONDYD,540724.000000,2023-12-31,TrueMrs. Bectors Food Specialities Ltd.,INE495P01012,BECTORFOOD,543253.000000,2023-12-31,TrueDwarikesh Sugar Industries Ltd.,INE366A01041,DWARKESH,532610.000000,2023-12-31,TrueDalmia Bharat Sugar and Industries Ltd.,INE495A01022,DALMIASUG,500097.000000,2023-12-31,TrueHeidelberg Cement India Ltd.,INE578A01017,HEIDELBERG,500292.000000,2023-12-31,TrueShree Digvijay Cement Company Ltd.,INE232A01011,SHREDIGCEM,502180.000000,2023-12-31,TrueMangalam Cement Ltd.,INE347A01017,MANGLMCEM,502157.000000,2023-12-31,TrueOrient Cement Ltd.,INE876N01018,ORIENTCEM,535754.000000,2023-12-31,TrueSagar Cements Ltd.,INE229C01021,SAGCEM,502090.000000,2023-12-31,TrueJaiprakash Associates Ltd.,INE455F01025,JPASSOCIAT,532532.000000,2023-12-31,TrueHIL Ltd.,INE557A01011,HIL,509675.000000,2023-12-31,TrueIndian Hume Pipe Company Ltd.,INE323C01030,INDIANHUME,504741.000000,2023-12-31,TrueRamco Industries Ltd.,INE614A01028,RAMCOIND,532369.000000,2023-12-31,TrueGPT Infraprojects Ltd.,INE390G01014,GPTINFRA,533761.000000,2023-12-31,TrueAGI Greenpac Ltd.,INE415A01038,AGI,500187.000000,2023-12-31,TrueSomany Ceramics Ltd.,INE355A01028,SOMANYCERA,531548.000000,2023-12-15,TrueAnant Raj Ltd.,INE242C01024,ANANTRAJ,515055.000000,2023-12-31,TrueHindware Home Innovation Ltd.,INE05AN01011,HINDWAREAP,542905.000000,2023-12-31,TruePokarna Ltd.,INE637C01025,POKARNA,532486.000000,2023-12-31,TrueStylam Industries Ltd.,INE239C01020,STYLAMIND,526951.000000,2023-12-31,TrueGreenply Industries Ltd.,INE461C01038,GREENPLY,526797.000000,2023-12-31,TrueGreenpanel Industries Ltd.,INE08ZM01014,GREENPANEL,542857.000000,2023-12-31,TrueITD Cementation India Ltd.,INE686A01026,ITDCEM,509496.000000,2023-12-31,TrueHindustan Construction Company Ltd.,INE549A01026,HCC,500185.000000,2023-12-31,TrueSimplex Infrastructures Ltd.,INE059B01024,SIMPLEXINF,523838.000000,2023-12-31,TrueAhluwalia Contracts (India) Ltd.,INE758C01029,AHLUCONT,532811.000000,2023-12-31,TrueWelspun Enterprises Ltd.,INE625G01013,WELENT,532553.000000,2023-12-31,TrueJ Kumar Infraprojects Ltd.,INE576I01022,JKIL,532940.000000,2023-12-31,TrueAshoka Buildcon Ltd.,INE442H01029,ASHOKA,533271.000000,2023-12-31,TrueMan Infraconstruction Ltd.,INE949H01023,MANINFRA,533169.000000,2023-12-31,TrueAshiana Housing Ltd.,INE365D01021,ASHIANA,523716.000000,2023-12-31,TrueIndiabulls Real Estate Ltd.,INE069I01010,IBREALEST,532832.000000,2023-12-31,TrueKolte-Patil Developers Ltd.,INE094I01018,KOLTEPATIL,532924.000000,2023-12-31,TrueD B Realty Ltd.,INE879I01012,DBREALTY,533160.000000,2023-12-31,TrueVascon Engineers Ltd.,INE893I01013,VASCONEQ,533156.000000,2023-12-31,TrueDilip Buildcon Ltd.,INE917M01012,DBL,540047.000000,2023-12-31,TrueKeystone Realtors Ltd.,INE263M01029,RUSTOMJEE,543669.000000,2023-12-31,TrueShankara Building Products Ltd.,INE274V01019,SHANKARA,540425.000000,2023-12-31,TruePSP Projects Ltd.,INE488V01015,PSPPROJECT,540544.000000,2023-12-31,TrueHG Infra Engineering Ltd.,INE926X01010,HGINFRA,541019.000000,2023-12-31,TrueHemisphere Properties India Ltd.,INE0AJG01018,HEMIPROP,543242.000000,2023-12-31,TrueSuraj Estate Developers Ltd.,INE843S01025,SURAJEST,544054.000000,2023-12-31,TrueVishnu Prakash R Punglia Ltd.,INE0AE001013,VPRPL,543974.000000,2023-12-31,TrueShriram Properties Ltd.,INE217L01019,SHRIRAMPPS,543419.000000,2023-12-31,TrueBEML Land Assets Ltd.,INE0N7W01012,BLAL,543898.000000,2023-12-31,TrueIndia Glycols Ltd.,INE560A01015,INDIAGLYCO,500201.000000,2023-12-31,TrueThirumalai Chemicals Ltd.,INE338A01024,TIRUMALCHM,500412.000000,2023-12-31,TrueI G Petrochemicals Ltd.,INE204A01010,IGPL,500199.000000,2023-12-31,TrueFineotex Chemical Ltd.,INE045J01026,FCL,533333.000000,2023-12-31,TrueChemcon Speciality Chemicals Ltd.,INE03YM01018,CHEMCON,543233.000000,2023-12-31,TrueNeogen Chemicals Ltd.,INE136S01016,NEOGEN,542665.000000,2023-12-31,TrueHP Adhesives Ltd.,INE0GSL01024,HPAL,543433.000000,2023-12-31,TrueOriental Aromatics Ltd.,INE959C01023,OAL,500078.000000,2023-12-31,TrueElantas Beck India Ltd.,INE280B01018,,500123.000000,2023-12-31,TrueFoseco India Ltd.,INE519A01011,FOSECOIND,500150.000000,2023-12-31,TrueHikal Ltd.,INE475B01022,HIKAL,524735.000000,2023-12-31,TrueInox Wind Ltd.,INE066P01011,INOXWIND,539083.000000,2023-12-31,TrueS H Kelkar & Company Ltd.,INE500L01026,SHK,539450.000000,2023-12-31,TrueValiant Organics Ltd.,INE565V01010,VALIANTORG,540145.000000,2023-12-31,TrueAarti Pharmalabs Ltd.,INE0LRU01027,AARTIPHARM,543748.000000,2023-12-31,TrueHimadri Speciality Chemical Ltd.,INE019C01026,HSCL,500184.000000,2023-12-31,TrueVishnu Chemicals Ltd.,INE270I01022,VISHNU,516072.000000,2023-12-31,TrueIOL Chemicals and Pharmaceuticals Ltd.,INE485C01011,IOLCP,524164.000000,2023-12-31,TrueGHCL Ltd.,INE539A01019,GHCL,500171.000000,2023-12-31,TruePrimo Chemicals Ltd.,INE607A01022,,506852.000000,2023-12-31,TrueNational Fertilizers Ltd.,INE870D01012,NFL,523630.000000,2023-12-31,TrueParadeep Phosphates Ltd.,INE088F01024,PARADEEP,543530.000000,2023-12-31,TrueDhanuka Agritech Ltd.,INE435G01025,DHANUKA,507717.000000,2023-12-31,TrueNovartis India Ltd.,INE234A01025,NOVARTIND,500672.000000,2023-12-31,TrueBharat Rasayan Ltd.,INE838B01013,BHARATRAS,590021.000000,2023-12-31,TrueNACL Industries Ltd.,INE295D01020,NACLIND,524709.000000,2023-12-31,TrueMeghmani Organics Ltd.,INE0CT101020,MOL,543331.000000,2023-12-31,TrueIndia Pesticides Ltd.,INE0D6701023,IPL,543311.000000,2023-12-31,TrueStyrenix Performance Materials Ltd.,INE189B01011,STYRENIX,506222.000000,2023-12-31,TrueBhansali Engineering Polymers Ltd.,INE922A01025,BEPL,500052.000000,2023-12-31,TrueNOCIL Ltd.,INE163A01018,NOCIL,500730.000000,2023-12-31,TrueSavita Oil Technologies Ltd.,INE035D01020,SOTL,524667.000000,2023-12-31,TrueChennai Petroleum Corporation Ltd.,INE178A01016,CHENNPETRO,500110.000000,2023-12-31,TrueJindal Poly Films Ltd.,INE197D01010,JINDALPOLY,500227.000000,2023-12-31,TrueCentury Enka Ltd.,INE485A01015,CENTENKA,500280.000000,2023-12-31,TrueCarysil Ltd.,INE482D01024,CARYSIL,524091.000000,2023-12-31,TrueNilkamal Ltd.,INE310A01015,NILKAMAL,523385.000000,2023-12-31,TrueMayur Uniquoters Ltd.,INE040D01038,MAYURUNIQ,522249.000000,2023-12-31,TrueMold-Tek Packaging Ltd.,INE893J01029,MOLDTKPAC,533080.000000,2023-12-31,TrueInsecticides (India) Ltd.,INE070I01018,INSECTICID,532851.000000,2023-12-15,TrueCello World Ltd.,INE0LMW01024,CELLO,544012.000000,2023-12-31,TrueGandhar Oil Refinery (India) Ltd.,INE717W01049,GANDHAR,544029.000000,2023-12-31,TrueCamlin Fine Sciences Ltd.,INE052I01032,CAMLINFINE,532834.000000,2023-12-31,TrueTatva Chintan Pharma Chem Ltd.,INE0GK401011,TATVA,543321.000000,2023-12-31,TrueSigachi Industries Ltd.,INE0D0K01022,SIGACHI,543389.000000,2023-12-31,TrueZuari Agro Chemicals Ltd.,INE840M01016,ZUARI,534742.000000,2023-12-31,TrueBajaj Consumer Care Ltd.,INE933K01021,BAJAJCON,533229.000000,2023-12-31,TrueBliss GVS Pharma Ltd.,INE416D01022,BLISSGVS,506197.000000,2023-12-31,TrueAmrutanjan Health Care Ltd.,INE098F01031,AMRUTANJAN,590006.000000,2023-12-31,TrueGujarat Themis Biosyn Ltd.,INE942C01045,,506879.000000,2023-12-31,TrueTTK Healthcare Ltd.,INE910C01018,TTKHLTCARE,507747.000000,2023-12-31,TrueUnichem Laboratories Ltd.,INE351A01035,UNICHEMLAB,506690.000000,2023-12-31,TrueKMC Speciality Hospitals (India) Ltd.,INE879K01018,,524520.000000,2023-12-31,TrueKopran Ltd.,INE082A01010,KOPRAN,524280.000000,2023-12-31,TrueMorepen Laboratories Ltd.,INE083A01026,MOREPENLAB,500288.000000,2023-12-31,TrueOrchid Pharma Ltd.,INE191A01027,ORCHPHARMA,524372.000000,2023-12-31,TrueSyncom Formulation (India) Ltd.,INE312C01025,SYNCOMF,524470.000000,2023-12-31,TrueMarksans Pharma Ltd.,INE750C01026,MARKSANS,524404.000000,2023-12-31,TrueHester Biosciences Ltd.,INE782E01017,HESTERBIO,524669.000000,2023-12-31,TrueNeuland Laboratories Ltd.,INE794A01010,NEULANDLAB,524558.000000,2023-12-31,TrueNGL Fine - Chem Ltd.,INE887E01022,NGLFINE,524774.000000,2023-12-31,TrueSuven Life Sciences Ltd.,INE495B01038,SUVEN,530239.000000,2023-12-31,TrueThemis Medicare Ltd.,INE083B01024,THEMISMED,530199.000000,2023-12-31,TrueShilpa Medicare Ltd.,INE790G01031,SHILPAMED,530549.000000,2023-12-31,TrueMedicamen Biotech Ltd.,INE646B01010,MEDICAMEQ,531146.000000,2023-12-31,TruePanacea Biotec Ltd.,INE922B01023,PANACEABIO,531349.000000,2023-12-31,TrueLincoln Pharmaceuticals Ltd.,INE405C01035,LINCOLN,531633.000000,2023-12-31,TrueJagsonpal Pharmaceuticals Ltd.,INE048B01027,JAGSNPHARM,507789.000000,2023-12-31,TrueWockhardt Ltd.,INE049B01025,WOCKPHARMA,532300.000000,2023-12-31,TrueIndoco Remedies Ltd.,INE873D01024,INDOCO,532612.000000,2023-12-31,TrueSMS Pharmaceuticals Ltd.,INE812G01025,SMSPHARMA,532815.000000,2023-12-31,TrueAstec Lifesciences Ltd.,INE563J01010,ASTEC,533138.000000,2023-12-31,TrueRPG Life Sciences Ltd.,INE105J01010,RPGLIFE,532983.000000,2023-12-31,TrueArtemis Medicare Services Ltd.,INE025R01021,ARTEMISMED,542919.000000,2023-12-31,TrueBrooks Laboratories Ltd.,INE650L01011,BROOKS,533543.000000,2023-12-31,TrueBajaj Healthcare Ltd.,INE411U01027,BAJAJHCARE,539872.000000,2023-12-31,TrueSolara Active Pharma Sciences Ltd.,INE624Z01016,SOLARA,541540.000000,2023-12-31,TrueWindlas Biotech Ltd.,INE0H5O01029,WINDLAS,543329.000000,2023-12-31,TrueInnova Captab Ltd.,INE0DUT01020,INNOVACAP,544067.000000,2023-12-31,TrueHawkins Cookers Ltd.,INE979B01015,,508486.000000,2023-12-31,TrueEthos Ltd.,INE04TZ01018,ETHOSLTD,543532.000000,2023-12-31,TrueHarsha Engineers International Ltd.,INE0JUS01029,HARSHA,543600.000000,2023-12-31,TrueStove Kraft Ltd.,INE00IN01015,STOVEKRAFT,543260.000000,2023-12-31,TrueBajel Projects Ltd.,INE0KQN01018,BAJEL,544042.000000,2023-12-31,TrueNIIT Ltd.,INE161A01038,NIITLTD,500304.000000,2023-12-31,TrueOnward Technologies Ltd.,INE229A01017,ONWARDTEC,517536.000000,2023-12-31,TrueNucleus Software Exports Ltd.,INE096B01018,NUCLEUS,531209.000000,2023-12-31,TrueAccelya Solutions India Ltd.,INE793A01012,ACCELYA,532268.000000,2023-12-31,TrueSubex Ltd.,INE754A01055,SUBEXLTD,532348.000000,2023-12-31,TrueAvalon Technologies Ltd.,INE0LCL01028,AVALON,543896.000000,2023-12-31,TrueButterfly Gandhimathi Appliances Ltd.,INE295F01017,BUTTERFLY,517421.000000,2023-12-31,TrueElectronics Mart India Ltd.,INE02YR01019,EMIL,543626.000000,2023-12-31,TrueCentum Electronics Ltd.,INE320B01020,CENTUM,517544.000000,2023-12-31,TrueAstra Microwave Products Ltd.,INE386C01029,ASTRAMICRO,532493.000000,2023-12-31,TrueGenus Power Infrastructures Ltd.,INE955D01029,GENUSPOWER,530343.000000,2023-12-31,TruePG Electroplast Ltd.,INE457L01011,PGEL,533581.000000,2023-12-31,TrueSchneider Electric Infrastructure Ltd.,INE839M01018,SCHNEIDER,534139.000000,2023-12-31,TrueElin Electronics Ltd.,INE050401020,ELIN,543725.000000,2023-12-31,TrueCyient DLM Ltd.,INE055S01018,CYIENTDLM,543933.000000,2023-12-31,TrueDCX Systems Ltd.,INE0KL801015,DCXINDIA,543650.000000,2023-12-31,TrueHonda India Power Products Ltd.,INE634A01018,HONDAPOWER,522064.000000,2023-12-31,TrueIgarashi Motors India Ltd.,INE188B01013,IGARASHI,517380.000000,2023-12-31,TrueTD Power Systems Ltd.,INE419M01027,TDPOWERSYS,533553.000000,2023-12-31,TrueGE T&D India Ltd.,INE200A01026,GET&D,522275.000000,2023-12-31,TrueBharat Bijlee Ltd.,INE464A01028,BBL,503960.000000,2023-12-31,TrueShilchar Technologies Ltd.,INE024F01011,,531201.000000,2023-12-31,TrueHBL Power Systems Ltd.,INE292B01021,HBLPOWER,517271.000000,2023-12-31,TrueRishabh Instruments Ltd.,INE0N2P01017,RISHABH,543977.000000,2023-12-31,TrueIKIO Lighting Ltd.,INE0LOJ01019,IKIO,543923.000000,2023-12-31,TrueTarsons Products Ltd.,INE144Z01023,TARSONS,543399.000000,2023-12-31,TrueJohnson Controls-Hitachi Air Conditioning India Ltd.,INE782A01015,JCHAC,523398.000000,2023-12-31,TrueRamco Systems Ltd.,INE246B01019,RAMCOSYS,532370.000000,2023-12-31,TrueDatamatics Global Services Ltd.,INE365B01017,DATAMATICS,532528.000000,2023-12-31,TrueAXISCADES Technologies Ltd.,INE555B01013,AXISCADES,532395.000000,2023-12-31,TrueNewgen Software Technologies Ltd.,INE619B01017,NEWGEN,540900.000000,2023-12-31,TrueCigniti Technologies Ltd.,INE675C01017,CIGNITITEC,534758.000000,2023-12-31,TrueZen Technologies Ltd.,INE251B01027,ZENTEC,533339.000000,2023-12-31,TrueSasken Technologies Ltd.,INE231F01020,SASKEN,532663.000000,2023-12-31,TrueSaksoft Ltd.,INE667G01023,SAKSOFT,590051.000000,2023-12-31,TrueExpleo Solutions Ltd.,INE201K01015,EXPLEOSOL,533121.000000,2023-12-31,TrueXelpmoc Design and Tech Ltd.,INE01P501012,XELPMOC,542367.000000,2023-12-31,TrueRateGain Travel Technologies Ltd.,INE0CLI01024,RATEGAIN,543417.000000,2023-12-31,TrueNIIT Learning Systems Ltd.,INE342G01023,NIITMTS,543952.000000,2023-12-31,TrueNetweb Technologies India Ltd.,INE0NT901020,NETWEB,543945.000000,2023-12-31,TrueProtean eGov Technologies Ltd.,INE004A01022,,544021.000000,2023-12-31,TrueTracxn Technologies Ltd.,INE0HMF01019,TRACXN,543638.000000,2023-12-31,TrueHinduja Global Solutions Ltd.,INE170I01016,HGS,532859.000000,2023-12-31,TrueElecon Engineering Company Ltd.,INE205B01023,ELECON,505700.000000,2023-12-31,TrueAction Construction Equipment Ltd.,INE731H01025,ACE,532762.000000,2023-12-31,TrueTitagarh Rail Systems Ltd.,INE615H01020,TITAGARH,532966.000000,2023-12-31,TrueTexmaco Rail & Engineering Ltd.,INE621L01012,TEXRAIL,533326.000000,2023-12-31,TrueThe Anup Engineering Ltd.,INE294Z01018,ANUP,542460.000000,2023-12-31,TrueideaForge Technology Ltd.,INE349Y01013,IDEAFORGE,543932.000000,2023-12-31,TrueIFB Industries Ltd.,INE559A01017,IFBIND,505726.000000,2023-12-31,TrueShanthi Gears Ltd.,INE631A01022,SHANTIGEAR,522034.000000,2023-12-31,TrueTVS Holdings Ltd.,INE105A01035,TVSHLTD,520056.000000,2023-12-31,TrueLG Balakrishnan & Bros Ltd.,INE337A01034,LGBBROSLTD,500250.000000,2023-12-31,TrueSanghvi Movers Ltd.,INE989A01024,SANGHVIMOV,530073.000000,2023-12-31,TruePitti Engineering Ltd.,INE450D01021,PITTIENG,513519.000000,2023-12-31,TrueParas Defence and Space Technologies Ltd.,INE045601015,PARAS,543367.000000,2023-12-31,TrueJash Engineering Ltd.,INE039O01011,JASH,-1.000000,2023-12-31,TrueSansera Engineering Ltd.,INE953O01021,SANSERA,543358.000000,2023-12-31,TruePower Mech Projects Ltd.,INE211R01019,POWERMECH,539302.000000,2023-12-31,TrueAzad Engineering Ltd.,INE02IJ01035,AZAD,544061.000000,2023-12-31,TrueGreaves Cotton Ltd.,INE224A01026,GREAVESCOT,501455.000000,2023-12-31,TrueSwaraj Engines Ltd.,INE277A01016,SWARAJENG,500407.000000,2023-12-15,TrueKirloskar Oil Engines Ltd.,INE146L01010,KIRLOSENG,533293.000000,2023-12-31,TrueTide Water Oil Company India Ltd.,INE484C01030,TIDEWATER,590005.000000,2023-12-31,TrueGulf Oil Lubricants India Ltd.,INE635Q01029,GULFOILLUB,538567.000000,2023-12-31,TrueDisa India Ltd.,INE131C01011,,500068.000000,2023-12-31,TrueElectrosteel Castings Ltd.,INE086A01029,ELECTCAST,500128.000000,2023-12-31,TrueM M Forgings Ltd.,INE227C01017,MMFL,522241.000000,2023-12-31,TruePTC Industries Ltd.,INE596F01018,PTCIL,539006.000000,2023-12-31,TrueAlicon Castalloy Ltd.,INE062D01024,ALICON,531147.000000,2023-12-31,TrueRolex Rings Ltd.,INE645S01016,ROLEXRINGS,543325.000000,2023-12-31,TrueUniparts India Ltd.,INE244O01017,UNIPARTS,543689.000000,2023-12-31,TrueAdor Welding Ltd.,INE045A01017,ADORWELD,517041.000000,2023-12-31,TrueKirloskar Brothers Ltd.,INE732A01036,KIRLOSBROS,500241.000000,2023-12-31,TrueWPIL Ltd.,INE765D01014,,505872.000000,2023-12-31,TrueDynamatic Technologies Ltd.,INE221B01012,DYNAMATECH,505242.000000,2023-12-31,TrueKirloskar Pneumatic Company Ltd.,INE811A01020,KIRLPNU,505283.000000,2023-12-31,TrueKennametal India Ltd.,INE717A01029,KENNAMET,505890.000000,2023-12-31,TrueWendt (India) Ltd.,INE274C01019,WENDT,505412.000000,2023-12-31,TrueIon Exchange (India) Ltd.,INE570A01022,IONEXCHANG,500214.000000,2023-12-31,TrueChoice International Ltd.,INE102B01014,CHOICEIN,531358.000000,2023-12-31,TrueResponsive Industries Ltd.,INE688D01026,RESPONIND,505509.000000,2023-12-31,TrueSequent Scientific Ltd.,INE807F01027,SEQUENT,512529.000000,2023-12-31,TrueFedbank Financial Services Ltd.,INE007N01010,FEDFINA,544027.000000,2023-12-31,TrueICRA Ltd.,INE725G01011,ICRA,532835.000000,2023-12-31,TrueAditya Birla Money Ltd.,INE865C01022,BIRLAMONEY,532974.000000,2023-12-31,TrueDhani Services Ltd.,INE274G01010,DHANI,532960.000000,2023-12-31,TrueEdelweiss Financial Services Ltd.,INE532F01054,EDELWEISS,532922.000000,2023-12-31,TrueReligare Enterprises Ltd.,INE621H01010,RELIGARE,532915.000000,2023-12-31,TruePTC India Financial Services Ltd.,INE560K01014,PFS,533344.000000,2023-12-31,True5Paisa Capital Ltd.,INE618L01018,5PAISA,540776.000000,2023-12-31,TrueSpandana Sphoorty Financial Ltd.,INE572J01011,SPANDANA,542759.000000,2023-12-31,TrueUjjivan Financial Services Ltd.,INE334L01012,UJJIVAN,539874.000000,2023-12-31,TrueSastasundar Ventures Ltd.,INE019J01013,SASTASUNDR,533259.000000,2023-12-31,TrueKarnataka Bank Ltd.,INE614B01018,KTKBANK,532652.000000,2023-12-31,TrueSouth Indian Bank Ltd.,INE683A01023,SOUTHBANK,532218.000000,2023-12-31,TrueJammu & Kashmir Bank Ltd.,INE168A01041,J&KBANK,532209.000000,2023-12-31,TrueDCB Bank Ltd.,INE503A01015,DCBBANK,532772.000000,2023-12-31,TrueIFCI Ltd.,INE039A01010,IFCI,500106.000000,2023-12-31,TrueIndian Renewable Energy Development Agency Ltd.,INE202E01016,IREDA,544026.000000,2023-12-31,TrueSundaram Finance Holdings Ltd.,INE202Z01029,SUNDARMHLD,-1.000000,2023-12-31,TrueOptiemus Infracom Ltd.,INE350C01017,OPTIEMUS,530135.000000,2023-12-31,TrueArman Financial Services Ltd.,INE109C01017,ARMANFIN,531179.000000,2023-12-31,TruePaisalo Digital Ltd.,INE420C01059,PAISALO,532900.000000,2023-12-31,TrueSatin Creditcare Network Ltd.,INE836B01017,SATIN,539404.000000,2023-12-31,TrueBest Agrolife Ltd.,INE052T01013,BESTAGRO,539660.000000,2023-12-31,TrueHousing Development Finance Corporation Ltd.,INE001A01036,,500010.000000,2023-12-31,TrueGanesh Housing Corporation Ltd.,INE460C01014,GANESHHOUC,526367.000000,2023-12-31,TrueGIC Housing Finance Ltd.,INE289B01019,GICHSGFIN,511676.000000,2023-12-31,TrueRepco Home Finance Ltd.,INE612J01015,REPCOHOME,535322.000000,2023-12-31,TrueGufic BioSciences Ltd.,INE742B01025,GUFICBIO,509079.000000,2023-12-31,TrueApollo Pipes Ltd.,INE126J01016,APOLLOPIPE,531761.000000,2023-12-31,TrueJio Financial Services Ltd.,INE758E01017,JIOFIN,543940.000000,2023-12-31,TrueIndia Shelter Finance Corporation Ltd.,INE922K01024,INDIASHLTR,544044.000000,2023-12-31,TrueSuryoday Small Finance Bank Ltd.,INE428Q01011,SURYODAY,543279.000000,2023-12-31,TrueIRB InvIT Fund,INE183W23014,IRBINVIT,540526.000000,2023-12-31,TrueShare India Securities Ltd.,INE932X01018,SHAREINDIA,540725.000000,2023-12-31,TrueIndostar Capital Finance Ltd.,INE896L01010,INDOSTAR,541336.000000,2023-12-31,TrueEmbassy Office Parks REIT,INE041025011,EMBASSY,542602.000000,2023-12-15,TrueIndia Infrastructure Trust,INE05KD23015,,542543.000000,2023-12-15,TrueUtkarsh Small Finance Bank Ltd.,INE735W01017,UTKARSHBNK,543942.000000,2023-12-31,TrueFusion Micro Finance Ltd.,INE139R01012,FUSION,543652.000000,2023-12-31,TrueFino Payments Bank Ltd.,INE02NC01014,FINOPB,543386.000000,2023-12-31,TrueAnand Rathi Wealth Ltd.,INE463V01026,ANANDRATHI,543415.000000,2023-12-31,TruePrudent Corporate Advisory Services Ltd.,INE00F201020,PRUDENT,543527.000000,2023-12-31,TrueNexus Select Trust REIT,INE0NDH25011,NXST,543913.000000,2023-12-31,TrueSBFC Finance Ltd.,INE423Y01016,SBFC,543959.000000,2023-12-31,TrueNRB Bearings Ltd.,INE349A01021,NRBBEARING,530367.000000,2023-12-31,TrueNAVA Ltd.,INE725A01022,NAVA,513023.000000,2023-12-31,TrueMaithan Alloys Ltd.,INE683C01011,MAITHANALL,590078.000000,2023-12-31,TrueEveready Industries India Ltd.,INE128A01029,EVEREADY,531508.000000,2023-12-31,TrueGKW Ltd.,INE528A01020,GKWLIMITED,504704.000000,2023-12-31,TrueSundaram-Clayton Ltd.,INE0Q3R01026,SUNCLAY,544066.000000,2023-12-31,TrueVesuvius India Ltd.,INE386A01015,VESUVIUS,520113.000000,2023-12-31,TrueSterling Tools Ltd.,INE334A01023,STERTOOLS,530759.000000,2023-12-31,TrueGFL Ltd.,INE538A01037,GFLLIMITED,500173.000000,2023-12-31,TrueInox India Ltd.,INE616N01034,INOXINDIA,544046.000000,2023-12-31,TrueConfidence Petroleum India Ltd.,INE552D01024,CONFIPET,526829.000000,2023-12-31,TrueBorosil Ltd.,INE02PY01013,BOROLTD,543212.000000,2023-12-31,TrueCosmo First Ltd.,INE757A01017,COSMOFIRST,508814.000000,2023-12-31,TrueUflex Ltd.,INE516A01017,UFLEX,500148.000000,2023-12-31,TrueGarware Hi-Tech Films Ltd.,INE291A01017,GRWRHITECH,500655.000000,2023-12-31,TrueHuhtamaki India Ltd.,INE275B01026,HUHTAMAKI,509820.000000,2023-12-31,TrueJai Corp Ltd.,INE070D01027,JAICORPLTD,512237.000000,2023-12-31,TrueBalmer Lawrie & Company Ltd.,INE164A01016,BALMLAWRIE,523319.000000,2023-12-31,TrueApcotex Industries Ltd.,INE116A01032,APCOTEXIND,523694.000000,2023-12-31,TruePix Transmissions Ltd.,INE751B01018,PIXTRANS,500333.000000,2023-12-31,TrueTega Industries Ltd.,INE011K01018,TEGA,543413.000000,2023-12-31,TrueUniversal Cables Ltd.,INE279A01012,UNIVCABLES,504212.000000,2023-12-31,TrueR R Kabel Ltd.,INE777K01022,RRKABEL,543981.000000,2023-12-31,TrueVindhya Telelinks Ltd.,INE707A01012,VINDHYATEL,517015.000000,2023-12-31,TrueShukra Jewellery Ltd.,INE344E01016,,523790.000000,2023-12-31,TrueThangamayil Jewellery Ltd.,INE085J01014,THANGAMAYL,533158.000000,2023-12-15,TrueSenco Gold Ltd.,INE602W01019,SENCO,543936.000000,2023-12-15,TrueGOCL Corporation Ltd.,INE077F01035,GOCLCORP,506480.000000,2023-12-31,TruePremier Explosives Ltd.,INE863B01011,PREMEXPLN,526247.000000,2023-12-31,TrueSandur Manganese & Iron Ores Ltd.,INE149K01016,SANDUMA,504918.000000,2023-12-31,TrueGujarat Mineral Development Corporation Ltd.,INE131A01031,GMDCLTD,532181.000000,2023-12-31,TrueMOIL Ltd.,INE490G01020,MOIL,533286.000000,2023-12-31,TrueThe Orissa Minerals Development Company Ltd.,INE725E01024,ORISSAMINE,590086.000000,2023-12-31,TrueJindal Drilling & Industries Ltd.,INE742C01031,JINDRILL,511034.000000,2023-12-31,TrueReliance Infrastructure Ltd.,INE036A01016,RELINFRA,500390.000000,2023-12-31,TrueGujarat Industries Power Company Ltd.,INE162A01010,GIPCL,517300.000000,2023-12-31,TrueReliance Power Ltd.,INE614G01033,RPOWER,532939.000000,2023-12-31,TruePTC India Ltd.,INE877F01012,PTC,532524.000000,2023-12-31,TrueJaiprakash Power Ventures Ltd.,INE351F01018,JPPOWER,532627.000000,2023-12-31,TrueRattanIndia Power Ltd.,INE399K01017,RTNPOWER,533122.000000,2023-12-31,TrueKPI Green Energy Ltd.,INE542W01017,KPIGREEN,542323.000000,2023-12-31,TrueInox Wind Energy Ltd.,INE0FLR01028,IWEL,543297.000000,2023-12-31,TrueMahanagar Telephone Nigam Ltd.,INE153A01019,MTNL,500108.000000,2023-12-15,TrueGE Power India Ltd.,INE878A01011,GEPIL,532309.000000,2023-12-31,TrueVoltamp Transformers Ltd.,INE540H01012,VOLTAMP,532757.000000,2023-12-31,TrueIndia Grid Trust,INE219X23014,INDIGRID,540565.000000,2023-12-15,TrueRailTel Corporation of India Ltd.,INE0DD101019,RAILTEL,543265.000000,2023-12-31,TrueSadbhav Engineering Ltd.,INE226H01026,SADBHAV,532710.000000,2023-12-31,TrueRamky Infrastructure Ltd.,INE874I01013,RAMKY,533262.000000,2023-12-31,TrueSadbhav Infrastructure Project Ltd.,INE764L01010,SADBHIN,539346.000000,2023-12-31,TrueArvind SmartSpaces Ltd.,INE034S01021,ARVSMART,539301.000000,2023-12-31,TrueMEP Infrastructure Developers Ltd.,INE776I01010,MEP,539126.000000,2023-12-31,TrueSJS Enterprises Ltd.,INE284S01014,SJS,543387.000000,2023-12-31,TrueVardhman Special Steels Ltd.,INE050M01012,VSSL,534392.000000,2023-12-31,TrueLloyds Engineering Works Ltd.,INE093R01011,LLOYDSENGG,539992.000000,2023-12-31,TrueMukand Ltd.,INE304A01026,MUKANDLTD,500460.000000,2023-12-31,TrueSunflag Iron & Steel Company Ltd.,INE947A01014,SUNFLAG,500404.000000,2023-12-31,TrueTinplate Company of India Ltd.,INE422C01014,TINPLATE,504966.000000,2023-12-31,TrueMaharashtra Seamless Ltd.,INE271B01025,MAHSEAMLES,500265.000000,2023-12-31,TrueSurya Roshni Ltd.,INE335A01020,SURYAROSNI,500336.000000,2023-12-31,TrueRajratan Global Wire Ltd.,INE451D01029,RAJRATAN,517522.000000,2023-12-31,TrueRama Steel Tubes Ltd.,INE230R01035,RAMASTEEL,539309.000000,2023-12-31,TrueJTL Industries Ltd.,INE391J01024,JTLIND,534600.000000,2023-12-31,TrueHi-Tech Pipes Ltd.,INE106T01025,HITECH,543411.000000,2023-12-31,TrueVenus Pipes & Tubes Ltd.,INE0JA001018,VENUSPIPES,543528.000000,2023-12-31,TrueKalyani Steels Ltd.,INE907A01026,KSL,500235.000000,2023-12-31,TrueIndian Metals & Ferro Alloys Ltd.,INE919H01018,IMFA,533047.000000,2023-12-31,TrueKirloskar Ferrous Industries Ltd.,INE884B01025,KIRLFER,500245.000000,2023-12-31,TrueTata Metaliks Ltd.,INE056C01010,TATAMETALI,513434.000000,2023-12-31,TrueSarda Energy & Minerals Ltd.,INE385C01021,SARDAEN,504614.000000,2023-12-31,TrueShivalik Bimetal Controls Ltd.,INE386D01027,SBCL,513097.000000,2023-12-31,TrueKamdhenu Ltd.,INE390H01012,KAMDHENU,532741.000000,2023-12-31,TrueArvind Ltd.,INE034A01011,ARVIND,500101.000000,2023-12-31,TrueBombay Dyeing & Manufacturing Company Ltd.,INE032A01023,BOMDYEING,500020.000000,2023-12-31,TrueGanesha Ecosphere Ltd.,INE845D01014,GANECOS,514167.000000,2023-12-31,TrueRajapalayam Mills Ltd.,INE296E01026,,532503.000000,2023-12-31,TrueIndo Count Industries Ltd.,INE483B01026,ICIL,521016.000000,2023-12-31,TrueAmbika Cotton Mills Ltd.,INE540G01014,AMBIKCO,531978.000000,2023-12-31,TrueSiyaram Silk Mills Ltd.,INE076B01028,SIYSIL,503811.000000,2023-12-31,TrueHimatsingka Seide Ltd.,INE049A01027,HIMATSEIDE,514043.000000,2023-12-15,TrueSai Silks (Kalamandir) Ltd.,INE438K01021,KALAMANDIR,543989.000000,2023-12-31,TrueArvind Fashions Ltd.,INE955V01021,ARVINDFASN,542484.000000,2023-12-31,TrueGokaldas Exports Ltd.,INE887G01027,GOKEX,532630.000000,2023-12-31,TrueKewal Kiran Clothing Ltd.,INE401H01017,KKCL,532732.000000,2023-12-31,TrueS P Apparels Ltd.,INE212I01016,SPAL,540048.000000,2023-12-31,TrueNahar Spinning Mills Ltd.,INE290A01027,NAHARSPING,500296.000000,2023-12-31,TrueRupa & Company Ltd.,INE895B01021,RUPA,533552.000000,2023-12-31,TrueDollar Industries Ltd.,INE325C01035,DOLLAR,541403.000000,2023-12-31,TrueHeubach Colorants India Ltd.,INE492A01029,HEUBACHIND,506390.000000,2023-12-31,TrueSudarshan Chemical Industries Ltd.,INE659A01023,SUDARSCHEM,506655.000000,2023-12-31,TrueKiri Industries Ltd.,INE415I01015,KIRIINDUS,532967.000000,2023-12-31,TrueAmi Organics Ltd.,INE00FF01017,AMIORG,543349.000000,2023-12-31,TrueNitin Spinners Ltd.,INE229H01012,NITINSPIN,532698.000000,2023-12-31,TruePDS Ltd.,INE111Q01021,PDSL,538730.000000,2023-12-31,TrueTCNS Clothing Co. Ltd.,INE778U01029,TCNSBRANDS,541700.000000,2023-12-31,TrueGHCL Textiles Ltd.,INE0PA801013,GHCLTEXTIL,543918.000000,2023-12-31,TrueKhadim India Ltd.,INE834I01025,KHADIM,540775.000000,2023-12-31,TrueRedtape Ltd.,INE0LXT01019,REDTAPE,543957.000000,2023-12-31,TrueAndhra Paper Ltd.,INE435A01028,ANDHRAPAP,502330.000000,2023-12-31,TrueOrient Paper & Industries Ltd.,INE592A01026,ORIENTPPR,502420.000000,2023-12-31,TrueWest Coast Paper Mills Ltd.,INE976A01021,WSTCSTPAPR,500444.000000,2023-12-31,TrueTamil Nadu Newsprint And Papers Ltd.,INE107A01015,TNPL,531426.000000,2023-12-31,TrueEmami Paper Mills Ltd.,INE830C01026,EMAMIPAP,533208.000000,2023-12-31,TrueVenky's (India) Ltd.,INE398A01010,VENKEYS,523261.000000,2023-12-31,TrueKovai Medical Center and Hospital Ltd.,INE177F01017,KOVAI,523323.000000,2023-12-31,TrueIndraprastha Medical Corporation Ltd.,INE681B01017,INDRAMEDCO,532150.000000,2023-12-31,TrueBarbeque-Nation Hospitality Ltd.,INE382M01027,BARBEQUE,543283.000000,2023-12-15,TrueJupiter Life Line Hospitals Ltd.,INE682M01012,JLHL,543980.000000,2023-12-31,TrueHealthcare Global Enterprises Ltd.,INE075I01017,HCG,539787.000000,2023-12-31,TrueYatharth Hospital & Trauma Care Services Ltd.,INE0JO301016,YATHARTH,543950.000000,2023-12-31,TrueThyrocare Technologies Ltd.,INE594H01019,THYROCARE,539871.000000,2023-12-31,TrueShalby Ltd.,INE597J01018,SHALBY,540797.000000,2023-12-31,TrueKrsnaa Diagnostics Ltd.,INE08LI01020,KRSNAA,543328.000000,2023-12-31,TrueOriental Hotels Ltd.,INE750A01020,ORIENTHOT,500314.000000,2023-12-31,TrueShipping Corporation of India Ltd.,INE109A01011,SCI,523598.000000,2023-12-31,TrueSeamec Ltd.,INE497B01018,SEAMECLTD,526807.000000,2023-12-31,TrueTransport Corporation of India Ltd.,INE688A01022,TCI,532349.000000,2023-12-31,TrueAllcargo Gati Ltd.,INE152B01027,GATI,532345.000000,2023-12-31,TrueBajaj Electricals Ltd.,INE193E01025,BAJAJELEC,500031.000000,2023-12-31,TrueThomas Cook (India) Ltd.,INE332A01027,THOMASCOOK,500413.000000,2023-12-31,TrueShaily Engineering Plastics Ltd.,INE151G01028,SHAILY,501423.000000,2023-12-31,TrueMSTC Ltd.,INE255X01014,MSTCLTD,542597.000000,2023-12-31,TrueGalaxy Cloud Kitchens Ltd.,INE403B01016,,506186.000000,2023-12-31,TrueTaj GVK Hotels & Resorts Ltd.,INE586B01026,TAJGVK,532390.000000,2023-12-31,TrueSamhi Hotels Ltd.,INE08U801020,SAMHI,543984.000000,2023-12-15,TrueGarden Reach Shipbuilders & Engineers Ltd.,INE382Z01011,GRSE,542011.000000,2023-12-31,TrueGateway Distriparks Ltd.,INE079J01017,GATEWAY,543489.000000,2023-12-31,TrueCity Online Services Ltd.,INE158C01014,,538674.000000,2023-12-31,TrueJSW Infrastructure Ltd.,INE880J01026,JSWINFRA,543994.000000,2023-12-31,TrueCARE Ratings Ltd.,INE752H01013,CARERATING,534804.000000,2023-12-31,TrueMatrimony.com Ltd.,INE866R01028,MATRIMONY,540704.000000,2023-12-31,TrueHonasa Consumer Ltd.,INE0J5401028,HONASA,544014.000000,2023-12-31,TrueeMudhra Ltd.,INE01QM01018,EMUDHRA,543533.000000,2023-12-31,TrueDreamfolks Services Ltd.,INE0JS101016,DREAMFOLKS,543591.000000,2023-12-31,TrueRadiant Cash Management Services Ltd.,INE855R01021,RADIANTCMS,543732.000000,2023-12-31,TrueSintex Industries Ltd.,INE429C01035,,502742.000000,2023-12-15,TrueKesoram Industries Ltd.,INE087A01019,KESORAMIND,502937.000000,2023-12-31,TrueTechnocraft Industries (India) Ltd.,INE545H01011,TIIL,532804.000000,2023-12-31,TrueTCPL Packaging Ltd.,INE822C01015,TCPLPACK,523301.000000,2023-12-31,TrueJain Irrigation Systems Ltd.,INE175A01038,JISLJALEQS,500219.000000,2023-12-31,TrueHindustan Oil Exploration Company Ltd.,INE345A01011,HINDOILEXP,500186.000000,2023-12-31,TrueNavneet Education Ltd.,INE060A01024,NAVNETEDUL,508989.000000,2023-12-31,TrueMPS Ltd.,INE943D01017,MPSLTD,532440.000000,2023-12-31,TrueVimta Labs Ltd.,INE579C01029,VIMTALABS,524394.000000,2023-12-31,TrueWim Plast Ltd.,INE015B01018,,526586.000000,2023-12-31,TrueFaze Three Ltd.,INE963C01033,FAZE3Q,530079.000000,2023-12-31,TrueStrides Pharma Science Ltd.,INE939A01011,STAR,532531.000000,2023-12-31,TrueGulshan Polyols Ltd.,INE255D01024,GULPOLY,532457.000000,2023-12-31,TrueLT Foods Ltd.,INE818H01020,LTFOODS,532783.000000,2023-12-31,TrueTime Technoplast Ltd.,INE508G01029,TIMETECHNO,532856.000000,2023-12-31,TrueVa Tech Wabag Ltd.,INE956G01038,WABAG,533269.000000,2023-12-31,TrueTVS Supply Chain Solutions Ltd.,INE395N01027,TVSSCS,543965.000000,2023-12-31,TrueDishman Carbogen Amcis Ltd.,INE385W01011,DCAL,540701.000000,2023-12-31,TrueIIFL Securities Ltd.,INE489L01022,IIFLSEC,542773.000000,2023-12-15,TrueMahindra Logistics Ltd.,INE766P01016,MAHLOG,540768.000000,2023-12-31,TrueTechno Electric & Engineering Company Ltd.,INE285K01026,TECHNOE,542141.000000,2023-12-31,TrueAGS Transact Technologies Ltd.,INE583L01014,AGSTRA,543451.000000,2023-12-31,TrueGravita India Ltd.,INE024L01027,GRAVITA,533282.000000,2023-12-31,TrueIFGL Refractories Ltd.,INE133Y01011,IFGLEXPOR,540774.000000,2023-12-31,TrueTips Industries Ltd.,INE716B01029,TIPSINDLTD,532375.000000,2023-12-31,TrueTV Today Network Ltd.,INE038F01029,TVTODAY,532515.000000,2023-12-31,TrueEntertainment Network (India) Ltd.,INE265F01028,ENIL,532700.000000,2023-12-31,TrueDish TV India Ltd.,INE836F01026,DISHTV,532839.000000,2023-12-31,TrueDen Networks Ltd.,INE947J01015,DEN,533137.000000,2023-12-31,TrueHathway Cable & Datacom Ltd.,INE982F01036,HATHWAY,533162.000000,2023-12-31,TrueMusic Broadcast Ltd.,INE919I01024,RADIOCITY,540366.000000,2023-12-31,TrueIRM Energy Ltd.,INE07U701015,IRMENERGY,544004.000000,2023-12-31,TrueJagran Prakashan Ltd.,INE199G01027,JAGRAN,532705.000000,2023-12-31,TrueDB Corp Ltd.,INE950I01011,DBCORP,533151.000000,2023-12-31,TrueDOMS Industries Ltd.,INE321T01012,DOMS,544045.000000,2023-12-31,TrueWonderla Holidays Ltd.,INE066O01014,WONDERLA,538268.000000,2023-12-31,TrueYatra Online Ltd.,INE0JR601024,YATRA,543992.000000,2023-12-31,TrueUpdater Services Ltd.,INE851I01011,UDS,543996.000000,2023-12-31,TrueGreenlam Industries Ltd.,INE544R01021,GREENLAM,538979.000000,2023-12-31,TrueCredo Brands Marketing Ltd.,INE220Q01020,MUFTI,544058.000000,2023-12-31,TrueAeroflex Industries Ltd.,INE024001021,AEROFLEX,543972.000000,2023-12-31,TruePricol Ltd.,INE726V01018,PRICOLLTD,540293.000000,2023-12-31,TrueInox Green Energy Services Ltd.,INE510W01014,INOXGREEN,543667.000000,2023-12-31,TrueAntony Waste Handling Cell Ltd.,INE01BK01022,AWHCL,543254.000000,2023-12-31,TrueCMS Info Systems Ltd.,INE925R01014,CMSINFO,543441.000000,2023-12-31,TrueBlue Jet Healthcare Ltd,INE0KBH01020,BLUEJET,544009.000000,2023-12-31,TrueFlair Writing Industries Ltd,INE00Y201027,FLAIR,544030.000000,2023-12-31,TrueZaggle Prepaid Ocean Services Ltd.,INE07K301024,ZAGGLE,543985.000000,2023-12-31,TrueVRL Logistics Ltd.,INE366I01010,VRLLOG,539118.000000,2023-12-31,TrueAllcargo Terminals Ltd.,INE0NN701020,ATL,543954.000000,2023-12-31,TrueTransindia Real Estate Ltd.,INE0O3901029,TREL,543955.000000,2023-12-31,TrueCarTrade Tech Ltd.,INE290S01011,CARTRADE,543333.000000,2023-12-31,TrueMindspace Business Parks REIT,INE0CCU25019,MINDSPACE,543217.000000,2023-12-15,TrueData Infrastructure Trust,INE0BWS20014,,750697.000000,2023-12-31,TrueBrookfield India Real Estate Trust,INE0FDU25010,BIRET,543261.000000,2023-12-31,TruePowerGrid Infrastructure Investment Trust,INE0GGX23010,PGINVIT,543290.000000,2023-12-31,TrueNational Highways Infra Trust,INE0H7R23014,NHIT,543385.000000,2023-12-31,TrueHighways Infrastructure Trust,INE0KXY23015,HIGHWAYS,-1.000000,2023-12-15,TrueCube Highways Trust,INE0NR623014,CUBEINVIT,543899.000000,2023-12-15,TrueIntelligent Supply Chain Infrastructure Trust,INE0QSW23016,,544005.000000,2023-12-31,TrueSignatureglobal (India) Ltd.,INE903U01023,SIGNATURE,543990.000000,2023-12-31,True