CompanyName,ISIN,NSECode,BSECode,Date,MFList,BTTDate,CompanyCode360 One Wam Ltd.,INE466L01038,360ONE,542772,2020-02-03,False,2020-02-03,14010688.0000003M India Ltd.,INE470A01017,3MINDIA,523395,2020-02-03,False,2020-02-03,17010019.000000ABB India Ltd.,INE117A01022,ABB,500002,2020-02-03,False,2020-02-03,13130003.000000ACC Ltd.,INE012A01025,ACC,500410,2020-02-03,False,2020-02-03,11510001.000000AIA Engineering Ltd.,INE212H01026,AIAENG,532683,2020-02-03,False,2020-02-03,13510066.000000APL Apollo Tubes Ltd.,INE702C01027,APLAPOLLO,533758,2020-02-03,False,2020-02-03,15580082.000000Au Small Finance Bank Ltd.,INE949L01017,AUBANK,540611,2020-02-03,False,2020-02-03,14094831.000000Aarti Drugs Ltd.,INE767A01016,AARTIDRUGS,524348,2020-02-03,False,2020-02-03,12540082.000000Aarti Industries Ltd.,INE769A01020,AARTIIND,524208,2020-02-03,False,2020-02-03,12070021.000000Aavas Financiers Ltd.,INE216P01012,AAVAS,541988,2020-02-03,False,2020-02-03,14080119.000000Abbott India Ltd.,INE358A01014,ABBOTINDIA,500488,2020-02-03,False,2020-02-03,12540008.000000Adani Energy Solutions Ltd.,INE931S01010,ADANIENSOL,539254,2020-02-03,False,2020-02-03,17152581.000000Adani Enterprises Ltd.,INE423A01024,ADANIENT,512599,2020-02-03,False,2020-02-03,16610041.000000Adani Green Energy Ltd.,INE364U01010,ADANIGREEN,541450,2020-02-03,False,2020-02-03,15130762.000000Adani Ports & Special Economic Zone Ltd.,INE742F01042,ADANIPORTS,532921,2020-02-03,False,2020-02-03,17025086.000000Adani Power Ltd.,INE814H01011,ADANIPOWER,533096,2020-02-03,False,2020-02-03,16610491.000000Adani Total Gas Ltd.,INE399L01023,ATGL,542066,2020-02-03,False,2020-02-03,17027894.000000Aditya Birla Capital Ltd.,INE674K01013,ABCAPITAL,540691,2020-02-03,False,2020-02-03,14094863.000000Aditya Birla Fashion and Retail Ltd.,INE647O01011,ABFRL,535755,2020-02-03,False,2020-02-03,10770005.000000Aegis Logistics Ltd.,INE208C01025,AEGISCHEM,500003,2020-02-03,False,2020-02-03,12040001.000000Affle (India) Ltd.,INE00WC01027,AFFLE,542752,2020-02-03,False,2020-02-03,14094934.000000Ajanta Pharma Ltd.,INE031B01049,AJANTPHARM,532331,2020-02-03,False,2020-02-03,12540406.000000Alembic Pharmaceuticals Ltd.,INE901L01018,APLLTD,533573,2020-02-03,False,2020-02-03,12540995.000000Alkem Laboratories Ltd.,INE540L01014,ALKEM,539523,2020-02-03,False,2020-02-03,12540464.000000Alkyl Amines Chemicals Ltd.,INE150B01039,ALKYLAMINE,506767,2020-02-03,False,2020-02-03,12070001.000000Allcargo Logistics Ltd.,INE418H01029,ALLCARGO,532749,2020-02-03,False,2020-02-03,17110005.000000Alok Industries Ltd.,INE270A01029,ALOKINDS,521070,2020-02-03,False,2020-02-03,16010040.000000Amara Raja Energy & Mobility Ltd.,INE885A01032,ARE&M,500008,2020-02-03,False,2020-02-03,13150010.000000Amber Enterprises India Ltd.,INE371P01015,AMBER,540902,2020-02-03,False,2020-02-03,13210012.000000Ambuja Cements Ltd.,INE079A01024,AMBUJACEM,500425,2020-02-03,False,2020-02-03,11510005.000000Apar Industries Ltd.,INE372A01015,APARINDS,532259,2020-02-03,False,2020-02-03,14610009.000000Apollo Hospitals Enterprise Ltd.,INE437A01024,APOLLOHOSP,508869,2020-02-03,False,2020-02-03,16550001.000000Apollo Tyres Ltd.,INE438A01022,APOLLOTYRE,500877,2020-02-03,False,2020-02-03,10680001.000000Asahi India Glass Ltd.,INE439A01020,ASAHIINDIA,515030,2020-02-03,False,2020-02-03,14580002.000000Ashok Leyland Ltd.,INE208A01029,ASHOKLEY,500477,2020-02-03,False,2020-02-03,10510001.000000Asian Paints Ltd.,INE021A01026,ASIANPAINT,500820,2020-02-03,False,2020-02-03,11580001.000000Aster DM Healthcare Ltd.,INE914M01019,ASTERDM,540975,2020-02-03,False,2020-02-03,16550441.000000Astral Ltd.,INE006I01046,ASTRAL,532830,2020-02-03,False,2020-02-03,12190030.000000Atul Ltd.,INE100A01010,ATUL,500027,2020-02-03,False,2020-02-03,16090004.000000Aurobindo Pharma Ltd.,INE406A01037,AUROPHARMA,524804,2020-02-03,False,2020-02-03,12540244.000000Avanti Feeds Ltd.,INE871C01038,AVANTIFEED,512573,2020-02-03,False,2020-02-03,11170001.000000Avenue Supermarts Ltd.,INE192R01011,DMART,540376,2020-02-03,False,2020-02-03,10760016.000000Axis Bank Ltd.,INE238A01034,AXISBANK,532215,2020-02-03,False,2020-02-03,14030047.000000BEML Ltd.,INE258A01016,BEML,500048,2020-02-03,False,2020-02-03,17010049.000000BLS International Services Ltd.,INE153T01027,BLS,540073,2020-02-03,False,2020-02-03,16690562.000000BSE Ltd.,INE118H01025,BSE,,2020-02-03,False,2020-02-03,17023928.000000Bajaj Auto Ltd.,INE917I01010,BAJAJ-AUTO,532977,2020-02-03,False,2020-02-03,10540026.000000Bajaj Finance Ltd.,INE296A01024,BAJFINANCE,500034,2020-02-03,False,2020-02-03,14060023.000000Bajaj Finserv Ltd.,INE918I01026,BAJAJFINSV,532978,2020-02-03,False,2020-02-03,14010665.000000Bajaj Holdings & Investment Ltd.,INE118A01012,BAJAJHLDNG,500490,2020-02-03,False,2020-02-03,10540002.000000Balaji Amines Ltd.,INE050E01027,BALAMINES,530999,2020-02-03,False,2020-02-03,12080060.000000Balkrishna Industries Ltd.,INE787D01026,BALKRISIND,502355,2020-02-03,False,2020-02-03,16530003.000000Balrampur Chini Mills Ltd.,INE119A01028,BALRAMCHIN,500038,2020-02-03,False,2020-02-03,11080026.000000Bandhan Bank Ltd.,INE545U01014,BANDHANBNK,541153,2020-02-03,False,2020-02-03,14030287.000000Bank of Baroda,INE028A01039,BANKBARODA,532134,2020-02-03,False,2020-02-03,14030010.000000Bank of India,INE084A01016,BANKINDIA,532149,2020-02-03,False,2020-02-03,14030011.000000Bank of Maharashtra,INE457A01014,MAHABANK,532525,2020-02-03,False,2020-02-03,14030012.000000Bata India Ltd.,INE176A01028,BATAINDIA,500043,2020-02-03,False,2020-02-03,16510001.000000Bayer Cropscience Ltd.,INE462A01022,BAYERCROP,506285,2020-02-03,False,2020-02-03,12120001.000000Berger Paints (India) Ltd.,INE463A01038,BERGEPAINT,509480,2020-02-03,False,2020-02-03,11580002.000000Bharat Dynamics Ltd.,INE171Z01018,BDL,541143,2020-02-03,False,2020-02-03,13520141.000000Bharat Electronics Ltd.,INE263A01024,BEL,500049,2020-02-03,False,2020-02-03,13110034.000000Bharat Forge Ltd.,INE465A01025,BHARATFORG,500493,2020-02-03,False,2020-02-03,13570004.000000Bharat Heavy Electricals Ltd.,INE257A01026,BHEL,500103,2020-02-03,False,2020-02-03,13510039.000000Bharat Petroleum Corporation Ltd.,INE029A01011,BPCL,500547,2020-02-03,False,2020-02-03,12140020.000000Bharti Airtel Ltd.,INE397D01024,BHARTIARTL,532454,2020-02-03,False,2020-02-03,15200022.000000Biocon Ltd.,INE376G01013,BIOCON,532523,2020-02-03,False,2020-02-03,11140013.000000Birla Corporation Ltd.,INE340A01012,BIRLACORPN,500335,2020-02-03,False,2020-02-03,11510003.000000Birlasoft Ltd.,INE836A01035,BSOFT,532400,2020-02-03,False,2020-02-03,13030012.000000Blue Dart Express Ltd.,INE233B01017,BLUEDART,526612,2020-02-03,False,2020-02-03,17020238.000000Blue Star Ltd.,INE472A01039,BLUESTARCO,500067,2020-02-03,False,2020-02-03,17010002.000000Bombay Burmah Trading Corporation Ltd.,INE050A01025,BBTC,501425,2020-02-03,False,2020-02-03,11040005.000000Borosil Renewables Ltd.,INE666D01022,BORORENEW,502219,2020-02-03,False,2020-02-03,14580004.000000Bosch Ltd.,INE323A01026,BOSCHLTD,500530,2020-02-03,False,2020-02-03,10610013.000000Brigade Enterprises Ltd.,INE791I01019,BRIGADE,532929,2020-02-03,False,2020-02-03,11620110.000000Brightcom Group Ltd.,INE425B01027,BCG,532368,2020-02-03,False,2020-02-03,13190085.000000Britannia Industries Ltd.,INE216A01030,BRITANNIA,500825,2020-02-03,False,2020-02-03,11120001.000000CCL Products India Ltd.,INE421D01022,CCL,519600,2020-02-03,False,2020-02-03,11040106.000000CESC Ltd.,INE486A01021,CESC,500084,2020-02-03,False,2020-02-03,15130004.000000CG Power and Industrial Solutions Ltd.,INE067A01029,CGPOWER,500093,2020-02-03,False,2020-02-03,13150001.000000CIE Automotive India Ltd.,INE536H01010,CIEINDIA,532756,2020-02-03,False,2020-02-03,15510021.000000Crisil Ltd.,INE007A01025,CRISIL,500092,2020-02-03,False,2020-02-03,14010005.000000CSB Bank Ltd.,INE679A01013,CSBBANK,542867,2020-02-03,False,2020-02-03,14030033.000000Can Fin Homes Ltd.,INE477A01020,CANFINHOME,511196,2020-02-03,False,2020-02-03,14080002.000000Canara Bank,INE476A01014,CANBK,532483,2020-02-03,False,2020-02-03,14030061.000000Capri Global Capital Ltd.,INE180C01026,CGCL,531595,2020-02-03,False,2020-02-03,14010124.000000Carborundum Universal Ltd.,INE120A01034,CARBORUNIV,513375,2020-02-03,False,2020-02-03,14550001.000000Castrol India Ltd.,INE172A01027,CASTROLIND,500870,2020-02-03,False,2020-02-03,13550003.000000Ceat Ltd.,INE482A01020,CEATLTD,500878,2020-02-03,False,2020-02-03,10680003.000000Central Bank of India,INE483A01010,CENTRALBK,532885,2020-02-03,False,2020-02-03,14030013.000000Central Depository Services (India) Ltd.,INE736A01011,CDSL,,2020-02-03,False,2020-02-03,14010235.000000Century Plyboards (India) Ltd.,INE348B01021,CENTURYPLY,532548,2020-02-03,False,2020-02-03,11570034.000000Century Textiles & Industries Ltd.,INE055A01016,CENTURYTEX,500040,2020-02-03,False,2020-02-03,17010003.000000Cera Sanitaryware Ltd.,INE739E01017,CERA,532443,2020-02-03,False,2020-02-03,11120054.000000Chalet Hotels Ltd.,INE427F01016,CHALET,542399,2020-02-03,False,2020-02-03,16620536.000000Chambal Fertilisers & Chemicals Ltd.,INE085A01013,CHAMBLFERT,500085,2020-02-03,False,2020-02-03,12100013.000000Cholamandalam Financial Holdings Ltd.,INE149A01033,CHOLAHLDNG,504973,2020-02-03,False,2020-02-03,12590003.000000Cholamandalam Investment & Finance Company Ltd.,INE121A01024,CHOLAFIN,511243,2020-02-03,False,2020-02-03,14060011.000000Cipla Ltd.,INE059A01026,CIPLA,500087,2020-02-03,False,2020-02-03,12540010.000000City Union Bank Ltd.,INE491A01021,CUB,532210,2020-02-03,False,2020-02-03,14030077.000000Coal India Ltd.,INE522F01014,COALINDIA,533278,2020-02-03,False,2020-02-03,15110007.000000Cochin Shipyard Ltd.,INE704P01025,COCHINSHIP,540678,2020-02-03,False,2020-02-03,16680006.000000Coforge Ltd.,INE591G01017,COFORGE,532541,2020-02-03,False,2020-02-03,13190705.000000Colgate-Palmolive (India) Ltd.,INE259A01022,COLPAL,500830,2020-02-03,False,2020-02-03,12520001.000000Container Corporation of India Ltd.,INE111A01025,CONCOR,531344,2020-02-03,False,2020-02-03,17010061.000000Coromandel International Ltd.,INE169A01031,COROMANDEL,506395,2020-02-03,False,2020-02-03,12100001.000000CreditAccess Grameen Ltd.,INE741K01010,CREDITACC,541770,2020-02-03,False,2020-02-03,14011064.000000Crompton Greaves Consumer Electricals Ltd.,INE299U01018,CROMPTON,539876,2020-02-03,False,2020-02-03,13150237.000000Cummins India Ltd.,INE298A01020,CUMMINSIND,500480,2020-02-03,False,2020-02-03,13540003.000000Cyient Ltd.,INE136B01020,CYIENT,532175,2020-02-03,False,2020-02-03,13190003.000000DCM Shriram Ltd.,INE499A01024,DCMSHRIRAM,523367,2020-02-03,False,2020-02-03,17010024.000000DLF Ltd.,INE271C01023,DLF,532868,2020-02-03,False,2020-02-03,13520062.000000Dabur India Ltd.,INE016A01026,DABUR,500096,2020-02-03,False,2020-02-03,12540103.000000Dalmia Bharat Ltd.,INE00R701025,DALBHARAT,542216,2020-02-03,False,2020-02-03,11510164.000000Deepak Fertilisers & Petrochemicals Corporation Ltd.,INE501A01019,DEEPAKFERT,500645,2020-02-03,False,2020-02-03,12100002.000000Deepak Nitrite Ltd.,INE288B01029,DEEPAKNTR,506401,2020-02-03,False,2020-02-03,12080004.000000Delta Corp Ltd.,INE124G01033,DELTACORP,532848,2020-02-03,False,2020-02-03,15060001.010000Divi's Laboratories Ltd.,INE361B01024,DIVISLAB,532488,2020-02-03,False,2020-02-03,12540408.000000Dixon Technologies (India) Ltd.,INE935N01020,DIXON,540699,2020-02-03,False,2020-02-03,12680028.000000Dr. Lal Pathlabs Ltd.,INE600L01024,LALPATHLAB,539524,2020-02-03,False,2020-02-03,16550403.000000Dr. Reddy's Laboratories Ltd.,INE089A01023,DRREDDY,500124,2020-02-03,False,2020-02-03,12540015.000000EID Parry (India) Ltd.,INE126A01031,EIDPARRY,500125,2020-02-03,False,2020-02-03,12100003.000000EIH Ltd.,INE230A01023,EIHOTEL,500840,2020-02-03,False,2020-02-03,16560002.000000EPL Ltd.,INE255A01020,EPL,500135,2020-02-03,False,2020-02-03,14590005.000000Eicher Motors Ltd.,INE066A01021,EICHERMOT,505200,2020-02-03,False,2020-02-03,10510004.000000Elgi Equipments Ltd.,INE285A01027,ELGIEQUIP,522074,2020-02-03,False,2020-02-03,13610005.000000Emami Ltd.,INE548C01032,EMAMILTD,531162,2020-02-03,False,2020-02-03,12520109.000000Endurance Technologies Ltd.,INE913H01037,ENDURANCE,540153,2020-02-03,False,2020-02-03,13191641.000000Engineers India Ltd.,INE510A01028,ENGINERSIN,532178,2020-02-03,False,2020-02-03,16690002.000000Eris Lifesciences Ltd.,INE406M01024,ERIS,540596,2020-02-03,False,2020-02-03,12541321.000000Escorts Kubota Ltd.,INE042A01014,ESCORTS,500495,2020-02-03,False,2020-02-03,10540004.000000Exide Industries Ltd.,INE302A01020,EXIDEIND,500086,2020-02-03,False,2020-02-03,10550001.000000FDC Ltd.,INE258B01022,FDC,531599,2020-02-03,False,2020-02-03,12540116.000000Federal Bank Ltd.,INE171A01029,FEDERALBNK,500469,2020-02-03,False,2020-02-03,14030062.000000The Fertilisers and Chemicals Travancore Ltd.,INE188A01015,FACT,590024,2020-02-03,False,2020-02-03,12100017.000000Fine Organic Industries Ltd.,INE686Y01026,FINEORG,541557,2020-02-03,False,2020-02-03,12070173.000000Finolex Cables Ltd.,INE235A01022,FINCABLES,500144,2020-02-03,False,2020-02-03,15060001.000000Finolex Industries Ltd.,INE183A01024,FINPIPE,500940,2020-02-03,False,2020-02-03,12190003.000000Firstsource Solutions Ltd.,INE684F01012,FSL,532809,2020-02-03,False,2020-02-03,14010399.000000Fortis Healthcare Ltd.,INE061F01013,FORTIS,532843,2020-02-03,False,2020-02-03,12540511.000000GAIL (India) Ltd.,INE129A01019,GAIL,532155,2020-02-03,False,2020-02-03,15120010.000000GMM Pfaudler Ltd.,INE541A01023,GMMPFAUDLR,505255,2020-02-03,False,2020-02-03,13510006.000000GMR Airports Infrastructure Ltd.,INE776C01039,GMRINFRA,532754,2020-02-03,False,2020-02-03,15210029.000000Galaxy Surfactants Ltd.,INE600K01018,GALAXYSURF,540935,2020-02-03,False,2020-02-03,12010007.000000General Insurance Corporation of India,INE481Y01014,GICRE,540755,2020-02-03,False,2020-02-03,12052001.000000Gillette India Ltd.,INE322A01010,GILLETTE,507815,2020-02-03,False,2020-02-03,12520003.000000GlaxoSmithKline Pharmaceuticals Ltd.,INE159A01016,GLAXO,500660,2020-02-03,False,2020-02-03,12540022.000000Glenmark Pharmaceuticals Ltd.,INE935A01035,GLENMARK,532296,2020-02-03,False,2020-02-03,12540399.000000Godawari Power & Ispat Ltd.,INE177H01021,GPIL,532734,2020-02-03,False,2020-02-03,17010086.000000Godfrey Phillips India Ltd.,INE260B01028,GODFRYPHLP,500163,2020-02-03,False,2020-02-03,12630002.000000Godrej Consumer Products Ltd.,INE102D01028,GODREJCP,532424,2020-02-03,False,2020-02-03,12520118.000000Godrej Industries Ltd.,INE233A01035,GODREJIND,500164,2020-02-03,False,2020-02-03,12520018.000000Godrej Properties Ltd.,INE484J01027,GODREJPROP,533150,2020-02-03,False,2020-02-03,12520018.050000Granules India Ltd.,INE101D01020,GRANULES,532482,2020-02-03,False,2020-02-03,12540301.000000Graphite India Ltd.,INE371A01025,GRAPHITE,509488,2020-02-03,False,2020-02-03,13580002.000000Grasim Industries Ltd.,INE047A01021,GRASIM,500300,2020-02-03,False,2020-02-03,17010006.000000Great Eastern Shipping Company Ltd.,INE017A01032,GESHIP,500620,2020-02-03,False,2020-02-03,16580004.000000Grindwell Norton Ltd.,INE536A01023,GRINDWELL,506076,2020-02-03,False,2020-02-03,14550003.000000Gujarat Alkalies & Chemicals Ltd.,INE186A01019,GUJALKALI,530001,2020-02-03,False,2020-02-03,12090004.000000Gujarat Ambuja Exports Ltd.,INE036B01030,GAEL,524226,2020-02-03,False,2020-02-03,11070045.000000Gujarat Fluorochemicals Ltd.,INE09N301011,FLUOROCHEM,542812,2020-02-03,False,2020-02-03,12060127.000000Gujarat Gas Ltd.,INE844O01030,GUJGASLTD,539336,2020-02-03,False,2020-02-03,17152816.000000Gujarat Narmada Valley Fertilizers & Chemicals Ltd.,INE113A01013,GNFC,500670,2020-02-03,False,2020-02-03,12100005.000000Gujarat Pipavav Port Ltd.,INE517F01014,GPPL,533248,2020-02-03,False,2020-02-03,16680010.000000Gujarat State Fertilizer & Chemicals Ltd.,INE026A01025,GSFC,500690,2020-02-03,False,2020-02-03,12100006.000000Gujarat State Petronet Ltd.,INE246F01010,GSPL,532702,2020-02-03,False,2020-02-03,12140048.000000HEG Ltd.,INE545A01016,HEG,509631,2020-02-03,False,2020-02-03,13580005.000000HCL Technologies Ltd.,INE860A01027,HCLTECH,532281,2020-02-03,False,2020-02-03,13020101.000000HDFC Asset Management Company Ltd.,INE127D01025,HDFCAMC,541729,2020-02-03,False,2020-02-03,14050596.000000HDFC Bank Ltd.,INE040A01034,HDFCBANK,500180,2020-02-03,False,2020-02-03,14030055.000000HDFC Life Insurance Company Ltd.,INE795G01014,HDFCLIFE,540777,2020-02-03,False,2020-02-03,14020008.000000HFCL Ltd.,INE548A01028,HFCL,500183,2020-02-03,False,2020-02-03,15140003.000000HLE Glascoat Ltd.,INE461D01028,HLEGLAS,522215,2020-02-03,False,2020-02-03,14580019.000000Havells India Ltd.,INE176B01034,HAVELLS,517354,2020-02-03,False,2020-02-03,13150020.000000Hero MotoCorp Ltd.,INE158A01026,HEROMOTOCO,500182,2020-02-03,False,2020-02-03,10540005.000000Hindalco Industries Ltd.,INE038A01020,HINDALCO,500440,2020-02-03,False,2020-02-03,15040001.000000Hindustan Aeronautics Ltd.,INE066F01020,HAL,541154,2020-02-03,False,2020-02-03,13510030.000000Hindustan Copper Ltd.,INE531E01026,HINDCOPPER,513599,2020-02-03,False,2020-02-03,15100035.000000Hindustan Petroleum Corporation Ltd.,INE094A01015,HINDPETRO,500104,2020-02-03,False,2020-02-03,12140018.000000Hindustan Unilever Ltd.,INE030A01027,HINDUNILVR,500696,2020-02-03,False,2020-02-03,12520002.000000Hindustan Zinc Ltd.,INE267A01025,HINDZINC,500188,2020-02-03,False,2020-02-03,15100034.000000Honeywell Automation India Ltd.,INE671A01010,HONAUT,517174,2020-02-03,False,2020-02-03,13040004.000000Housing and Urban Development Corporation Ltd.,INE031A01017,HUDCO,540530,2020-02-03,False,2020-02-03,14040026.000000ICICI Bank Ltd.,INE090A01021,ICICIBANK,532174,2020-02-03,False,2020-02-03,14030056.000000ICICI Lombard General Insurance Company Ltd.,INE765G01017,ICICIGI,540716,2020-02-03,False,2020-02-03,14020007.000000ICICI Prudential Life Insurance Company Ltd.,INE726G01019,ICICIPRULI,540133,2020-02-03,False,2020-02-03,14020006.000000ICICI Securities Ltd.,INE763G01038,ISEC,541179,2020-02-03,False,2020-02-03,14040001.030000IDBI Bank Ltd.,INE008A01015,IDBI,500116,2020-02-03,False,2020-02-03,14040004.000000IDFC First Bank Ltd.,INE092T01019,IDFCFIRSTB,539437,2020-02-03,False,2020-02-03,14100051.000000IDFC Ltd.,INE043D01016,IDFC,532659,2020-02-03,False,2020-02-03,14040034.000000IIFL Finance Ltd.,INE530B01024,IIFL,532636,2020-02-03,False,2020-02-03,14010485.000000IRB Infrastructure Developers Ltd.,INE821I01022,IRB,532947,2020-02-03,False,2020-02-03,11600148.000000Ircon International Ltd.,INE962Y01021,IRCON,541956,2020-02-03,False,2020-02-03,11600033.000000ITC Ltd.,INE154A01025,ITC,500875,2020-02-03,False,2020-02-03,12630003.000000ITI Ltd.,INE248A01017,ITI,523610,2020-02-03,False,2020-02-03,15140018.000000India Cements Ltd.,INE383A01012,INDIACEM,530005,2020-02-03,False,2020-02-03,11510006.000000Indiabulls Housing Finance Ltd.,INE148I01020,IBULHSGFIN,535789,2020-02-03,False,2020-02-03,14010549.000000IndiaMART InterMESH Ltd.,INE933S01016,INDIAMART,542726,2020-02-03,False,2020-02-03,13191988.000000Indian Bank,INE562A01011,INDIANB,532814,2020-02-03,False,2020-02-03,14030019.000000Indian Energy Exchange Ltd.,INE022Q01020,IEX,540750,2020-02-03,False,2020-02-03,17025175.000000Indian Hotels Company Ltd.,INE053A01029,INDHOTEL,500850,2020-02-03,False,2020-02-03,16560007.000000Indian Oil Corporation Ltd.,INE242A01010,IOC,530965,2020-02-03,False,2020-02-03,12140022.000000Indian Overseas Bank,INE565A01014,IOB,532388,2020-02-03,False,2020-02-03,14030015.000000Indian Railway Catering & Tourism Corporation Ltd.,INE335Y01020,IRCTC,542830,2020-02-03,False,2020-02-03,17090010.000000Indraprastha Gas Ltd.,INE203G01027,IGL,532514,2020-02-03,False,2020-02-03,12300008.000000Indus Towers Ltd.,INE121J01017,INDUSTOWER,534816,2020-02-03,False,2020-02-03,15200071.000000IndusInd Bank Ltd.,INE095A01012,INDUSINDBK,532187,2020-02-03,False,2020-02-03,14030054.000000Infibeam Avenues Ltd.,INE483S01020,INFIBEAM,539807,2020-02-03,False,2020-02-03,17170004.000000Info Edge (India) Ltd.,INE663F01024,NAUKRI,532777,2020-02-03,False,2020-02-03,16690077.000000Infosys Ltd.,INE009A01021,INFY,500209,2020-02-03,False,2020-02-03,13020007.000000Ingersoll-Rand (India) Ltd.,INE177A01018,INGERRAND,500210,2020-02-03,False,2020-02-03,13610008.000000Intellect Design Arena Ltd.,INE306R01017,INTELLECT,538835,2020-02-03,False,2020-02-03,13192325.000000InterGlobe Aviation Ltd.,INE646L01027,INDIGO,539448,2020-02-03,False,2020-02-03,16690529.000000Ipca Laboratories Ltd.,INE571A01038,IPCALAB,524494,2020-02-03,False,2020-02-03,12540124.000000J B Chemicals & Pharmaceuticals Ltd.,INE572A01036,JBCHEPHARM,506943,2020-02-03,False,2020-02-03,12540030.000000JK Cement Ltd.,INE823G01014,JKCEMENT,532644,2020-02-03,False,2020-02-03,11520077.000000JBM Auto Ltd.,INE927D01044,JBMA,532605,2020-02-03,False,2020-02-03,10670055.000000JK Lakshmi Cement Ltd.,INE786A01032,JKLAKSHMI,500380,2020-02-03,False,2020-02-03,16530019.000000JK Paper Ltd.,INE789E01012,JKPAPER,532162,2020-02-03,False,2020-02-03,16530044.000000JM Financial Ltd.,INE780C01023,JMFINANCIL,523405,2020-02-03,False,2020-02-03,14090003.000000JSW Energy Ltd.,INE121E01018,JSWENERGY,533148,2020-02-03,False,2020-02-03,15130147.000000JSW Steel Ltd.,INE019A01038,JSWSTEEL,500228,2020-02-03,False,2020-02-03,15530059.000000Jamna Auto Industries Ltd.,INE039C01032,JAMNAAUTO,520051,2020-02-03,False,2020-02-03,10650003.000000Jindal Saw Ltd.,INE324A01024,JINDALSAW,500378,2020-02-03,False,2020-02-03,15580014.000000Jindal Stainless Ltd.,INE220G01021,JSL,532508,2020-02-03,False,2020-02-03,15990019.000000Jindal Steel & Power Ltd.,INE749A01030,JINDALSTEL,532286,2020-02-03,False,2020-02-03,15540044.000000Jubilant Foodworks Ltd.,INE797F01020,JUBLFOOD,533155,2020-02-03,False,2020-02-03,11290023.000000Jubilant Pharmova Ltd.,INE700A01033,JUBLPHARMA,530019,2020-02-03,False,2020-02-03,12070015.000000Just Dial Ltd.,INE599M01018,JUSTDIAL,535648,2020-02-03,False,2020-02-03,16690415.000000Jyothy Labs Ltd.,INE668F01031,JYOTHYLAB,532926,2020-02-03,False,2020-02-03,12520131.000000KPR Mill Ltd.,INE930H01031,KPRMILL,532889,2020-02-03,False,2020-02-03,16070089.000000KEI Industries Ltd.,INE878B01027,KEI,517569,2020-02-03,False,2020-02-03,15050033.000000KNR Constructions Ltd.,INE634I01029,KNRCON,532942,2020-02-03,False,2020-02-03,15210025.000000KPIT Technologies Ltd.,INE04I401011,KPITTECH,542651,2020-02-03,False,2020-02-03,17154051.000000KRBL Ltd.,INE001B01026,KRBL,530813,2020-02-03,False,2020-02-03,12640009.000000KSB Ltd.,INE999A01015,KSB,500249,2020-02-03,False,2020-02-03,13600002.000000Kajaria Ceramics Ltd.,INE217B01036,KAJARIACER,500233,2020-02-03,False,2020-02-03,11540007.000000Kalpataru Projects International Ltd.,INE220B01022,KPIL,522287,2020-02-03,False,2020-02-03,15150006.000000Kansai Nerolac Paints Ltd.,INE531A01024,KANSAINER,500165,2020-02-03,False,2020-02-03,11580005.000000Karur Vysya Bank Ltd.,INE036D01028,KARURVYSYA,590003,2020-02-03,False,2020-02-03,14030037.000000KEC International Ltd.,INE389H01022,KEC,532714,2020-02-03,False,2020-02-03,15150022.000000Kotak Mahindra Bank Ltd.,INE237A01028,KOTAKBANK,500247,2020-02-03,False,2020-02-03,14060005.000000L&T Finance Holdings Ltd.,INE498L01015,L&TFH,533519,2020-02-03,False,2020-02-03,17027392.000000L&T Technology Services Ltd.,INE010V01017,LTTS,540115,2020-02-03,False,2020-02-03,13520838.000000LIC Housing Finance Ltd.,INE115A01026,LICHSGFIN,500253,2020-02-03,False,2020-02-03,14080009.000000LTIMindtree Ltd.,INE214T01019,LTIM,540005,2020-02-03,False,2020-02-03,13190108.000000Lakshmi Machine Works Ltd.,INE269B01029,LAXMIMACH,500252,2020-02-03,False,2020-02-03,13640004.000000Larsen & Toubro Ltd.,INE018A01030,LT,500510,2020-02-03,False,2020-02-03,17010013.000000Laurus Labs Ltd.,INE947Q01028,LAURUSLABS,540222,2020-02-03,False,2020-02-03,12541431.000000Lemon Tree Hotels Ltd.,INE970X01018,LEMONTREE,541233,2020-02-03,False,2020-02-03,16620202.000000Linde India Ltd.,INE473A01011,LINDEINDIA,523457,2020-02-03,False,2020-02-03,14560004.000000Lupin Ltd.,INE326A01037,LUPIN,500257,2020-02-03,False,2020-02-03,12540136.000000Lux Industries Ltd.,INE150G01020,LUXIND,539542,2020-02-03,False,2020-02-03,17025232.000000MMTC Ltd.,INE123F01029,MMTC,513377,2020-02-03,False,2020-02-03,16610052.000000MRF Ltd.,INE883A01011,MRF,500290,2020-02-03,False,2020-02-03,10680013.000000Mahanagar Gas Ltd.,INE002S01010,MGL,539957,2020-02-03,False,2020-02-03,14560035.000000Mahindra & Mahindra Financial Services Ltd.,INE774D01024,M&MFIN,532720,2020-02-03,False,2020-02-03,10520003.140000Mahindra & Mahindra Ltd.,INE101A01026,M&M,500520,2020-02-03,False,2020-02-03,10520003.000000Mahindra Holidays & Resorts India Ltd.,INE998I01010,MHRIL,533088,2020-02-03,False,2020-02-03,16560125.000000Mahindra Lifespace Developers Ltd.,INE813A01018,MAHLIFE,532313,2020-02-03,False,2020-02-03,11600074.000000Manappuram Finance Ltd.,INE522D01027,MANAPPURAM,531213,2020-02-03,False,2020-02-03,14060339.000000Mangalore Refinery And Petrochemicals Ltd.,INE103A01014,MRPL,500109,2020-02-03,False,2020-02-03,12130017.000000Marico Ltd.,INE196A01026,MARICO,531642,2020-02-03,False,2020-02-03,11120039.000000Maruti Suzuki India Ltd.,INE585B01010,MARUTI,532500,2020-02-03,False,2020-02-03,10520005.000000Mastek Ltd.,INE759A01021,MASTEK,523704,2020-02-03,False,2020-02-03,13020010.000000Max Financial Services Ltd.,INE180A01020,MFSL,500271,2020-02-03,False,2020-02-03,12540033.000000Metropolis Healthcare Ltd.,INE112L01020,METROPOLIS,542650,2020-02-03,False,2020-02-03,16550066.000000Minda Corporation Ltd.,INE842C01021,MINDACORP,538962,2020-02-03,False,2020-02-03,10670088.000000Motilal Oswal Financial Services Ltd.,INE338I01027,MOTILALOFS,532892,2020-02-03,False,2020-02-03,14010615.000000MphasiS Ltd.,INE356A01018,MPHASIS,526299,2020-02-03,False,2020-02-03,13020026.000000Multi Commodity Exchange of India Ltd.,INE745G01035,MCX,534091,2020-02-03,False,2020-02-03,11250011.000000Muthoot Finance Ltd.,INE414G01012,MUTHOOTFIN,533398,2020-02-03,False,2020-02-03,14011139.000000Natco Pharma Ltd.,INE987B01026,NATCOPHARM,524816,2020-02-03,False,2020-02-03,12540243.000000NBCC (India) Ltd.,INE095N01031,NBCC,534309,2020-02-03,False,2020-02-03,11600065.000000NCC Ltd.,INE868B01028,NCC,500294,2020-02-03,False,2020-02-03,11610008.000000NHPC Ltd.,INE848E01016,NHPC,533098,2020-02-03,False,2020-02-03,15130012.000000NLC India Ltd.,INE589A01014,NLCINDIA,513683,2020-02-03,False,2020-02-03,15110006.000000NMDC Ltd.,INE584A01023,NMDC,526371,2020-02-03,False,2020-02-03,15110018.000000NTPC Ltd.,INE733E01010,NTPC,532555,2020-02-03,False,2020-02-03,15130025.000000Narayana Hrudayalaya Ltd.,INE410P01011,NH,539551,2020-02-03,False,2020-02-03,16550219.000000National Aluminium Company Ltd.,INE139A01034,NATIONALUM,532234,2020-02-03,False,2020-02-03,15040013.000000Navin Fluorine International Ltd.,INE048G01026,NAVINFLUOR,532504,2020-02-03,False,2020-02-03,12310029.000000Nestle India Ltd.,INE239A01024,NESTLEIND,500790,2020-02-03,False,2020-02-03,11120007.000000Network18 Media & Investments Ltd.,INE870H01013,NETWORK18,532798,2020-02-03,False,2020-02-03,14010566.000000Nippon Life India Asset Management Ltd.,INE298J01013,NAM-INDIA,540767,2020-02-03,False,2020-02-03,14060009.080000Oberoi Realty Ltd.,INE093I01010,OBEROIRLTY,533273,2020-02-03,False,2020-02-03,11621009.000000Oil And Natural Gas Corporation Ltd.,INE213A01029,ONGC,500312,2020-02-03,False,2020-02-03,12140006.000000Oil India Ltd.,INE274J01014,OIL,533106,2020-02-03,False,2020-02-03,12140038.000000Olectra Greentech Ltd.,INE260D01016,OLECTRA,532439,2020-02-03,False,2020-02-03,15200013.000000Oracle Financial Services Software Ltd.,INE881D01027,OFSS,532466,2020-02-03,False,2020-02-03,13190253.000000Orient Electric Ltd.,INE142Z01019,ORIENTELEC,541301,2020-02-03,False,2020-02-03,13150256.000000PCBL Ltd.,INE602A01031,PCBL,506590,2020-02-03,False,2020-02-03,10700005.000000PI Industries Ltd.,INE603J01030,PIIND,523642,2020-02-03,False,2020-02-03,12120019.000000PNB Housing Finance Ltd.,INE572E01012,PNBHOUSING,540173,2020-02-03,False,2020-02-03,14080038.000000PNC Infratech Ltd.,INE195J01029,PNCINFRA,539150,2020-02-03,False,2020-02-03,15210341.000000PVR INOX Ltd.,INE191H01014,PVRINOX,532689,2020-02-03,False,2020-02-03,17040122.000000Page Industries Ltd.,INE761H01022,PAGEIND,532827,2020-02-03,False,2020-02-03,16070088.000000Patanjali Foods Ltd.,INE619A01035,PATANJALI,500368,2020-02-03,False,2020-02-03,11070014.000000Persistent Systems Ltd.,INE262H01013,PERSISTENT,533179,2020-02-03,False,2020-02-03,13191103.000000Petronet LNG Ltd.,INE347G01014,PETRONET,532522,2020-02-03,False,2020-02-03,12140039.000000Pfizer Ltd.,INE182A01018,PFIZER,500680,2020-02-03,False,2020-02-03,12540038.000000Phoenix Mills Ltd.,INE211B01039,PHOENIXLTD,503100,2020-02-03,False,2020-02-03,16490110.000000Pidilite Industries Ltd.,INE318A01026,PIDILITIND,500331,2020-02-03,False,2020-02-03,17020184.000000Piramal Enterprises Ltd.,INE140A01024,PEL,500302,2020-02-03,False,2020-02-03,12540035.000000Poly Medicure Ltd.,INE205C01021,POLYMED,531768,2020-02-03,False,2020-02-03,12670012.000000Polycab India Ltd.,INE455K01017,POLYCAB,542652,2020-02-03,False,2020-02-03,15050067.000000Polyplex Corporation Ltd.,INE633B01018,POLYPLEX,524051,2020-02-03,False,2020-02-03,14590015.000000Poonawalla Fincorp Ltd.,INE511C01022,POONAWALLA,524000,2020-02-03,False,2020-02-03,14560019.000000Power Finance Corporation Ltd.,INE134E01011,PFC,532810,2020-02-03,False,2020-02-03,14040029.000000Power Grid Corporation of India Ltd.,INE752E01010,POWERGRID,532898,2020-02-03,False,2020-02-03,15130029.000000Praj Industries Ltd.,INE074A01025,PRAJIND,522205,2020-02-03,False,2020-02-03,13520092.000000Prestige Estates Projects Ltd.,INE811K01011,PRESTIGE,533274,2020-02-03,False,2020-02-03,11621016.000000Prince Pipes & Fittings Ltd.,INE689W01016,PRINCEPIPE,542907,2020-02-03,False,2020-02-03,12190047.000000Prism Johnson Ltd.,INE010A01011,PRSMJOHNSN,500338,2020-02-03,False,2020-02-03,11510046.000000Procter & Gamble Health Ltd.,INE199A01012,PGHL,500126,2020-02-03,False,2020-02-03,12540017.000000Procter & Gamble Hygiene & Healthcare Ltd.,INE179A01014,PGHH,500459,2020-02-03,False,2020-02-03,12520009.000000Punjab National Bank,INE160A01022,PNB,532461,2020-02-03,False,2020-02-03,14030016.000000Quess Corp Ltd.,INE615P01015,QUESS,539978,2020-02-03,False,2020-02-03,14094171.000000RBL Bank Ltd.,INE976G01028,RBLBANK,540065,2020-02-03,False,2020-02-03,14030078.000000REC Ltd.,INE020B01018,RECLTD,532955,2020-02-03,False,2020-02-03,14040025.000000RHI Magnesita India Ltd.,INE743M01012,RHIM,534076,2020-02-03,False,2020-02-03,17028419.000000Rites Ltd.,INE320J01015,RITES,541556,2020-02-03,False,2020-02-03,16690082.000000Radico Khaitan Ltd.,INE944F01028,RADICO,532497,2020-02-03,False,2020-02-03,11510024.000000Rail Vikas Nigam Ltd.,INE415G01027,RVNL,542649,2020-02-03,False,2020-02-03,11600132.000000Rain Industries Ltd.,INE855B01025,RAIN,500339,2020-02-03,False,2020-02-03,11510013.000000Rajesh Exports Ltd.,INE343B01030,RAJESHEXPO,531500,2020-02-03,False,2020-02-03,15070038.000000Rallis India Ltd.,INE613A01020,RALLIS,500355,2020-02-03,False,2020-02-03,17010015.000000Rashtriya Chemicals & Fertilizers Ltd.,INE027A01015,RCF,524230,2020-02-03,False,2020-02-03,12100018.000000Ratnamani Metals & Tubes Ltd.,INE703B01027,RATNAMANI,520111,2020-02-03,False,2020-02-03,15580045.000000RattanIndia Enterprises Ltd.,INE834M01019,RTNINDIA,534597,2020-02-03,False,2020-02-03,17028850.000000Raymond Ltd.,INE301A01014,RAYMOND,500330,2020-02-03,False,2020-02-03,16060004.000000Redington Ltd.,INE891D01026,REDINGTON,532805,2020-02-03,False,2020-02-03,13190973.000000Relaxo Footwears Ltd.,INE131B01039,RELAXO,530517,2020-02-03,False,2020-02-03,16510019.000000Reliance Industries Ltd.,INE002A01018,RELIANCE,500325,2020-02-03,False,2020-02-03,12150008.000000SBI Life Insurance Company Ltd.,INE123W01016,SBILIFE,540719,2020-02-03,False,2020-02-03,14020014.000000SJVN Ltd.,INE002L01015,SJVN,533206,2020-02-03,False,2020-02-03,15130124.000000SKF India Ltd.,INE640A01023,SKFINDIA,500472,2020-02-03,False,2020-02-03,14510006.000000SRF Ltd.,INE647A01010,SRF,503806,2020-02-03,False,2020-02-03,12170004.000000Safari Industries (India) Ltd.,INE429E01023,SAFARI,523025,2020-02-03,False,2020-02-03,12580003.000000Samvardhana Motherson International Ltd.,INE775A01035,MOTHERSON,517334,2020-02-03,False,2020-02-03,10670029.000000Sanofi India Ltd.,INE058A01010,SANOFI,500674,2020-02-03,False,2020-02-03,12540026.000000Saregama India Ltd.,INE979A01025,SAREGAMA,532163,2020-02-03,False,2020-02-03,13090029.000000Schaeffler India Ltd.,INE513A01022,SCHAEFFLER,505790,2020-02-03,False,2020-02-03,14510005.000000Sharda Cropchem Ltd.,INE221J01015,SHARDACROP,538666,2020-02-03,False,2020-02-03,12120089.000000Sheela Foam Ltd.,INE916U01025,SFL,540203,2020-02-03,False,2020-02-03,12130096.000000Shoppers Stop Ltd.,INE498B01024,SHOPERSTOP,532638,2020-02-03,False,2020-02-03,16610345.000000Shree Cements Ltd.,INE070A01015,SHREECEM,500387,2020-02-03,False,2020-02-03,11510016.000000Shree Renuka Sugars Ltd.,INE087H01022,RENUKA,532670,2020-02-03,False,2020-02-03,11320019.000000Shriram Finance Ltd.,INE721A01013,SHRIRAMFIN,511218,2020-02-03,False,2020-02-03,14060030.000000Siemens Ltd.,INE003A01024,SIEMENS,500550,2020-02-03,False,2020-02-03,13040003.000000Sobha Ltd.,INE671H01015,SOBHA,532784,2020-02-03,False,2020-02-03,11620058.000000Solar Industries India Ltd.,INE343H01029,SOLARINDS,532725,2020-02-03,False,2020-02-03,15080013.000000Sonata Software Ltd.,INE269A01021,SONATSOFTW,532221,2020-02-03,False,2020-02-03,13020071.000000State Bank of India,INE062A01020,SBIN,500112,2020-02-03,False,2020-02-03,14030001.000000Steel Authority of India (SAIL) Ltd.,INE114A01011,SAIL,500113,2020-02-03,False,2020-02-03,15510002.000000Sterling and Wilson Renewable Energy Ltd.,INE00M201021,SWSOLAR,542760,2020-02-03,False,2020-02-03,13520894.000000Sterlite Technologies Ltd.,INE089C01029,STLTECH,532374,2020-02-03,False,2020-02-03,15140056.000000Sumitomo Chemical India Ltd.,INE258G01013,SUMICHEM,542920,2020-02-03,False,2020-02-03,12310215.000000Sun Pharma Advanced Research Company Ltd.,INE232I01014,SPARC,532872,2020-02-03,False,2020-02-03,12540617.000000Sun Pharmaceutical Industries Ltd.,INE044A01036,SUNPHARMA,524715,2020-02-03,False,2020-02-03,12540191.000000Sun TV Network Ltd.,INE424H01027,SUNTV,532733,2020-02-03,False,2020-02-03,17040158.000000Sundaram Finance Ltd.,INE660A01013,SUNDARMFIN,590071,2020-02-03,False,2020-02-03,14060001.000000Sundram Fasteners Ltd.,INE387A01021,SUNDRMFAST,500403,2020-02-03,False,2020-02-03,14540005.000000Sunteck Realty Ltd.,INE805D01034,SUNTECK,512179,2020-02-03,False,2020-02-03,14580040.000000Suprajit Engineering Ltd.,INE399C01030,SUPRAJIT,532509,2020-02-03,False,2020-02-03,10630007.000000Supreme Industries Ltd.,INE195A01028,SUPREMEIND,509930,2020-02-03,False,2020-02-03,12200009.000000Suzlon Energy Ltd.,INE040H01021,SUZLON,532667,2020-02-03,False,2020-02-03,15130070.000000Swan Energy Ltd.,INE665A01038,SWANENERGY,503310,2020-02-03,False,2020-02-03,16020020.000000Symphony Ltd.,INE225D01027,SYMPHONY,517385,2020-02-03,False,2020-02-03,13090018.000000Syngene International Ltd.,INE398R01022,SYNGENE,539268,2020-02-03,False,2020-02-03,11140028.000000TTK Prestige Ltd.,INE690A01028,TTKPRESTIG,517506,2020-02-03,False,2020-02-03,12570004.000000TV18 Broadcast Ltd.,INE886H01027,TV18BRDCST,532800,2020-02-03,False,2020-02-03,17040160.000000TVS Motor Company Ltd.,INE494B01023,TVSMOTOR,532343,2020-02-03,False,2020-02-03,10540010.000000Tanla Platforms Ltd.,INE483C01032,TANLA,532790,2020-02-03,False,2020-02-03,11050111.000000Tata Chemicals Ltd.,INE092A01019,TATACHEM,500770,2020-02-03,False,2020-02-03,12090010.000000Tata Communications Ltd.,INE151A01013,TATACOMM,500483,2020-02-03,False,2020-02-03,15140032.000000Tata Consultancy Services Ltd.,INE467B01029,TCS,532540,2020-02-03,False,2020-02-03,13020033.000000Tata Consumer Products Ltd.,INE192A01025,TATACONSUM,500800,2020-02-03,False,2020-02-03,12660006.000000Tata Elxsi Ltd.,INE670A01012,TATAELXSI,500408,2020-02-03,False,2020-02-03,13010013.000000Tata Investment Corporation Ltd.,INE672A01018,TATAINVEST,501301,2020-02-03,False,2020-02-03,14090012.000000Tata Motors Ltd.,INE155A01022,TATAMOTORS,500570,2020-02-03,False,2020-02-03,10510008.000000Tata Power Company Ltd.,INE245A01021,TATAPOWER,500400,2020-02-03,False,2020-02-03,15130008.000000Tata Steel Ltd.,INE081A01020,TATASTEEL,500470,2020-02-03,False,2020-02-03,15510001.000000Tata Teleservices (Maharashtra) Ltd.,INE517B01013,TTML,532371,2020-02-03,False,2020-02-03,15200002.010000TeamLease Services Ltd.,INE985S01024,TEAMLEASE,539658,2020-02-03,False,2020-02-03,14093696.000000Tech Mahindra Ltd.,INE669C01036,TECHM,532755,2020-02-03,False,2020-02-03,10520003.010000Tejas Networks Ltd.,INE010J01012,TEJASNET,540595,2020-02-03,False,2020-02-03,13010056.000000The New India Assurance Company Ltd.,INE470Y01017,NIACL,540769,2020-02-03,False,2020-02-03,14020003.000000The Ramco Cements Ltd.,INE331A01037,RAMCOCEM,500260,2020-02-03,False,2020-02-03,11510023.000000Thermax Ltd.,INE152A01029,THERMAX,500411,2020-02-03,False,2020-02-03,13630006.000000Timken India Ltd.,INE325A01013,TIMKEN,522113,2020-02-03,False,2020-02-03,14510007.000000Titan Company Ltd.,INE280A01028,TITAN,500114,2020-02-03,False,2020-02-03,12600001.000000Torrent Pharmaceuticals Ltd.,INE685A01028,TORNTPHARM,500420,2020-02-03,False,2020-02-03,12540226.000000Torrent Power Ltd.,INE813H01021,TORNTPOWER,532779,2020-02-03,False,2020-02-03,15130120.000000Trent Ltd.,INE849A01020,TRENT,500251,2020-02-03,False,2020-02-03,12520005.000000Trident Ltd.,INE064C01022,TRIDENT,521064,2020-02-03,False,2020-02-03,16030094.000000Triveni Engineering & Industries Ltd.,INE256C01024,TRIVENI,532356,2020-02-03,False,2020-02-03,15120011.000000Triveni Turbine Ltd.,INE152M01016,TRITURBINE,533655,2020-02-03,False,2020-02-03,17024576.000000Tube Investments of India Ltd.,INE974X01010,TIINDIA,540762,2020-02-03,False,2020-02-03,14094896.000000UCO Bank,INE691A01018,UCOBANK,532505,2020-02-03,False,2020-02-03,14030017.000000UNO Minda Ltd.,INE405E01023,UNOMINDA,532539,2020-02-03,False,2020-02-03,10600006.000000UPL Ltd.,INE628A01036,UPL,512070,2020-02-03,False,2020-02-03,12060021.000000Ujjivan Small Finance Bank Ltd.,INE551W01018,UJJIVANSFB,542904,2020-02-03,False,2020-02-03,14094840.000000UltraTech Cement Ltd.,INE481G01011,ULTRACEMCO,532538,2020-02-03,False,2020-02-03,11520068.000000Union Bank of India,INE692A01016,UNIONBANK,532477,2020-02-03,False,2020-02-03,14030018.000000United Breweries Ltd.,INE686F01025,UBL,532478,2020-02-03,False,2020-02-03,11090043.000000United Spirits Ltd.,INE854D01024,MCDOWELL-N,532432,2020-02-03,False,2020-02-03,11100025.000000Usha Martin Ltd.,INE228A01035,USHAMART,517146,2020-02-03,False,2020-02-03,15060006.000000V-Guard Industries Ltd.,INE951I01027,VGUARD,532953,2020-02-03,False,2020-02-03,13150060.000000V-Mart Retail Ltd.,INE665J01013,VMART,534976,2020-02-03,False,2020-02-03,10760013.000000VIP Industries Ltd.,INE054A01027,VIPIND,507880,2020-02-03,False,2020-02-03,12580005.000000Vaibhav Global Ltd.,INE884A01027,VAIBHAVGBL,532156,2020-02-03,False,2020-02-03,15070050.000000Vardhman Textiles Ltd.,INE825A01020,VTL,502986,2020-02-03,False,2020-02-03,16030027.000000Varroc Engineering Ltd.,INE665L01035,VARROC,541578,2020-02-03,False,2020-02-03,10610049.000000Varun Beverages Ltd.,INE200M01021,VBL,540180,2020-02-03,False,2020-02-03,11230006.000000Vedanta Ltd.,INE205A01025,VEDL,500295,2020-02-03,False,2020-02-03,17020022.000000Vinati Organics Ltd.,INE410B01037,VINATIORGA,524200,2020-02-03,False,2020-02-03,12070094.000000Vodafone Idea Ltd.,INE669E01016,IDEA,532822,2020-02-03,False,2020-02-03,15200008.000000Voltas Ltd.,INE226A01021,VOLTAS,500575,2020-02-03,False,2020-02-03,17010017.000000Welspun Corp Ltd.,INE191B01025,WELCORP,532144,2020-02-03,False,2020-02-03,15580090.000000Welspun Living Ltd.,INE192B01031,WELSPUNLIV,514162,2020-02-03,False,2020-02-03,12150015.000000Westlife Foodworld Ltd.,INE274F01020,WESTLIFE,505533,2020-02-03,False,2020-02-03,14090428.000000Whirlpool of India Ltd.,INE716A01013,WHIRLPOOL,500238,2020-02-03,False,2020-02-03,13180001.000000Wipro Ltd.,INE075A01022,WIPRO,507685,2020-02-03,False,2020-02-03,11060011.000000YES Bank Ltd.,INE528G01035,YESBANK,532648,2020-02-03,False,2020-02-03,14030144.000000ZF Commercial Vehicle Control Systems India Ltd.,INE342J01019,ZFCVINDIA,533023,2020-02-03,False,2020-02-03,10660012.000000Zee Entertainment Enterprises Ltd.,INE256A01028,ZEEL,505537,2020-02-03,False,2020-02-03,17020092.000000Zensar Technologies Ltd.,INE520A01027,ZENSARTECH,504067,2020-02-03,False,2020-02-03,13010004.000000Zydus Lifesciences Ltd.,INE010B01027,ZYDUSLIFE,532321,2020-02-03,False,2020-02-03,12540403.000000Zydus Wellness Ltd.,INE768C01010,ZYDUSWELL,531335,2020-02-03,False,2020-02-03,11060041.000000eClerx Services Ltd.,INE738I01010,ECLERX,532927,2020-02-03,False,2020-02-03,13240056.000000Akzo Nobel India Ltd,INE133A01011,AKZOINDIA,500710,2020-02-03,False,2020-02-03,17010008.000000AstraZeneca Pharm India,INE203A01020,ASTRAZEN,506820,2020-02-03,False,2020-02-03,12540005.000000BASF India Limited,INE373A01013,BASF,500042,2020-02-03,False,2020-02-03,12070002.000000Caplin Point Laboratories Ltd,INE475E01026,CAPLIPOINT,524742,2020-02-03,False,2020-02-03,12540222.000000Esab India Ltd,INE284A01012,ESABINDIA,500133,2020-02-03,False,2020-02-03,13580003.000000Garware Technical Fibres Ltd,INE276A01018,GARFIBRES,509557,2020-02-03,False,2020-02-03,16040010.000000Godrej Agrovet Ltd,INE850D01014,GODREJAGRO,540743,2020-02-03,False,2020-02-03,12520018.010000Hatsun Agro Products Ltd,INE473B01035,HATSUN,531531,2020-02-03,False,2020-02-03,11050105.000000Jindal Worldwide Ltd.,INE247D01039,JINDWORLD,531543,2020-02-03,False,2020-02-03,16610104.000000Jupiter Wagons Ltd,INE209L01016,JWL,533272,2020-02-03,False,2020-02-03,13520348.000000Kama Holdings Ltd.,INE411F01010,,532468,2020-02-03,False,2020-02-03,12130050.000000KIOCL Ltd,INE880L01014,KIOCL,540680,2020-02-03,False,2020-02-03,15110023.000000La Opala Rg Ltd.,INE059D01020,LAOPALA,526947,2020-02-03,False,2020-02-03,14580030.000000Lloyds Metals & Energy Ltd.,INE281B01032,LLOYDSME,512455,2020-02-03,False,2020-02-03,15620013.000000Maharashtra Scooters Ltd.,INE288A01013,MAHSCOOTER,500266,2020-02-03,False,2020-02-03,10540012.000000MAS Financial Services Ltd,INE348L01012,MASFIN,540749,2020-02-03,False,2020-02-03,14091040.000000Mishra Dhatu Nigam Ltd,INE099Z01011,MIDHANI,541195,2020-02-03,False,2020-02-03,15520047.000000Nesco Ltd.,INE317F01035,NESCO,505355,2020-02-03,False,2020-02-03,13510022.000000Privi Speciality Chemicals Ltd,INE959A01019,PRIVISCL,530117,2020-02-03,False,2020-02-03,11070135.000000Punjab & Sind Bank,INE608A01012,PSB,533295,2020-02-03,False,2020-02-03,14030025.000000Ramkrishna Forgings Ltd,INE399G01023,RKFORGE,532527,2020-02-03,False,2020-02-03,13570022.000000SIS Limited,INE285J01028,SIS,540673,2020-02-03,False,2020-02-03,17150513.000000Star Cement Ltd,INE460H01021,STARCEMENT,540575,2020-02-03,False,2020-02-03,11520082.000000Supreme Petrochem Ltd.,INE663A01033,SPLPETRO,500405,2020-02-03,False,2020-02-03,12130031.000000TCI Express Ltd,INE586V01016,TCIEXP,540212,2020-02-03,False,2020-02-03,17030029.000000VST Industries Ltd.,INE710A01016,VSTIND,509966,2020-02-03,False,2020-02-03,12630004.000000