CompanyName,ISIN,NSECode,BSECode,Date,MFList,BTTDate,CompanyCode360 One Wam Ltd.,INE466L01038,360ONE,542772,2024-02-01,True,2024-02-01,14010688.0000003M India Ltd.,INE470A01017,3MINDIA,523395,2024-02-01,True,2024-02-01,17010019.000000ABB India Ltd.,INE117A01022,ABB,500002,2024-02-01,True,2024-02-01,13130003.000000ACC Ltd.,INE012A01025,ACC,500410,2024-02-01,True,2024-02-01,11510001.000000AIA Engineering Ltd.,INE212H01026,AIAENG,532683,2024-02-01,True,2024-02-01,13510066.000000APL Apollo Tubes Ltd.,INE702C01027,APLAPOLLO,533758,2024-02-01,True,2024-02-01,15580082.000000Au Small Finance Bank Ltd.,INE949L01017,AUBANK,540611,2024-02-01,True,2024-02-01,14094831.000000Aarti Drugs Ltd.,INE767A01016,AARTIDRUGS,524348,2024-02-01,True,2024-02-01,12540082.000000Aarti Industries Ltd.,INE769A01020,AARTIIND,524208,2024-02-01,True,2024-02-01,12070021.000000Aavas Financiers Ltd.,INE216P01012,AAVAS,541988,2024-02-01,True,2024-02-01,14080119.000000Abbott India Ltd.,INE358A01014,ABBOTINDIA,500488,2024-02-01,True,2024-02-01,12540008.000000Adani Energy Solutions Ltd.,INE931S01010,ADANIENSOL,539254,2024-02-01,True,2024-02-01,17152581.000000Adani Enterprises Ltd.,INE423A01024,ADANIENT,512599,2024-02-01,True,2024-02-01,16610041.000000Adani Green Energy Ltd.,INE364U01010,ADANIGREEN,541450,2024-02-01,True,2024-02-01,15130762.000000Adani Ports & Special Economic Zone Ltd.,INE742F01042,ADANIPORTS,532921,2024-02-01,True,2024-02-01,17025086.000000Adani Power Ltd.,INE814H01011,ADANIPOWER,533096,2024-02-01,True,2024-02-01,16610491.000000Adani Total Gas Ltd.,INE399L01023,ATGL,542066,2024-02-01,True,2024-02-01,17027894.000000Adani Wilmar Ltd.,INE699H01024,AWL,543458,2024-02-01,True,2024-02-01,11120058.000000Aditya Birla Capital Ltd.,INE674K01013,ABCAPITAL,540691,2024-02-01,True,2024-02-01,14094863.000000Aditya Birla Fashion and Retail Ltd.,INE647O01011,ABFRL,535755,2024-02-01,True,2024-02-01,10770005.000000Aegis Logistics Ltd.,INE208C01025,AEGISCHEM,500003,2024-02-01,True,2024-02-01,12040001.000000Aether Industries Ltd.,INE0BWX01014,AETHER,543534,2024-02-01,True,2024-02-01,12060152.000000Affle (India) Ltd.,INE00WC01027,AFFLE,542752,2024-02-01,True,2024-02-01,14094934.000000Ajanta Pharma Ltd.,INE031B01049,AJANTPHARM,532331,2024-02-01,True,2024-02-01,12540406.000000Alembic Pharmaceuticals Ltd.,INE901L01018,APLLTD,533573,2024-02-01,True,2024-02-01,12540995.000000Alkem Laboratories Ltd.,INE540L01014,ALKEM,539523,2024-02-01,True,2024-02-01,12540464.000000Alkyl Amines Chemicals Ltd.,INE150B01039,ALKYLAMINE,506767,2024-02-01,True,2024-02-01,12070001.000000Allcargo Logistics Ltd.,INE418H01029,ALLCARGO,532749,2024-02-01,True,2024-02-01,17110005.000000Alok Industries Ltd.,INE270A01029,ALOKINDS,521070,2024-02-01,True,2024-02-01,16010040.000000Amara Raja Energy & Mobility Ltd.,INE885A01032,ARE&M,500008,2024-02-01,True,2024-02-01,13150010.000000Amber Enterprises India Ltd.,INE371P01015,AMBER,540902,2024-02-01,True,2024-02-01,13210012.000000Ambuja Cements Ltd.,INE079A01024,AMBUJACEM,500425,2024-02-01,True,2024-02-01,11510005.000000Angel One Ltd.,INE732I01013,ANGELONE,543235,2024-02-01,True,2024-02-01,14011056.000000Anupam Rasayan India Ltd.,INE930P01018,ANURAS,543275,2024-02-01,True,2024-02-01,17150430.000000Apar Industries Ltd.,INE372A01015,APARINDS,532259,2024-02-01,True,2024-02-01,14610009.000000Apollo Hospitals Enterprise Ltd.,INE437A01024,APOLLOHOSP,508869,2024-02-01,True,2024-02-01,16550001.000000Apollo Tyres Ltd.,INE438A01022,APOLLOTYRE,500877,2024-02-01,True,2024-02-01,10680001.000000Aptus Value Housing Finance India Ltd.,INE852O01025,APTUS,543335,2024-02-01,True,2024-02-01,14080129.000000Archean Chemical Industries Ltd.,INE128X01021,ACI,543657,2024-02-01,True,2024-02-01,12310267.000000Asahi India Glass Ltd.,INE439A01020,ASAHIINDIA,515030,2024-02-01,True,2024-02-01,14580002.000000Ashok Leyland Ltd.,INE208A01029,ASHOKLEY,500477,2024-02-01,True,2024-02-01,10510001.000000Asian Paints Ltd.,INE021A01026,ASIANPAINT,500820,2024-02-01,True,2024-02-01,11580001.000000Aster DM Healthcare Ltd.,INE914M01019,ASTERDM,540975,2024-02-01,True,2024-02-01,16550441.000000Astral Ltd.,INE006I01046,ASTRAL,532830,2024-02-01,True,2024-02-01,12190030.000000Atul Ltd.,INE100A01010,ATUL,500027,2024-02-01,True,2024-02-01,16090004.000000Aurobindo Pharma Ltd.,INE406A01037,AUROPHARMA,524804,2024-02-01,True,2024-02-01,12540244.000000Avanti Feeds Ltd.,INE871C01038,AVANTIFEED,512573,2024-02-01,True,2024-02-01,11170001.000000Avenue Supermarts Ltd.,INE192R01011,DMART,540376,2024-02-01,True,2024-02-01,10760016.000000Axis Bank Ltd.,INE238A01034,AXISBANK,532215,2024-02-01,True,2024-02-01,14030047.000000BEML Ltd.,INE258A01016,BEML,500048,2024-02-01,True,2024-02-01,17010049.000000BLS International Services Ltd.,INE153T01027,BLS,540073,2024-02-01,True,2024-02-01,16690562.000000BSE Ltd.,INE118H01025,BSE,,2024-02-01,True,2024-02-01,17023928.000000Bajaj Auto Ltd.,INE917I01010,BAJAJ-AUTO,532977,2024-02-01,True,2024-02-01,10540026.000000Bajaj Finance Ltd.,INE296A01024,BAJFINANCE,500034,2024-02-01,True,2024-02-01,14060023.000000Bajaj Finserv Ltd.,INE918I01026,BAJAJFINSV,532978,2024-02-01,True,2024-02-01,14010665.000000Bajaj Holdings & Investment Ltd.,INE118A01012,BAJAJHLDNG,500490,2024-02-01,True,2024-02-01,10540002.000000Balaji Amines Ltd.,INE050E01027,BALAMINES,530999,2024-02-01,True,2024-02-01,12080060.000000Balkrishna Industries Ltd.,INE787D01026,BALKRISIND,502355,2024-02-01,True,2024-02-01,16530003.000000Balrampur Chini Mills Ltd.,INE119A01028,BALRAMCHIN,500038,2024-02-01,True,2024-02-01,11080026.000000Bandhan Bank Ltd.,INE545U01014,BANDHANBNK,541153,2024-02-01,True,2024-02-01,14030287.000000Bank of Baroda,INE028A01039,BANKBARODA,532134,2024-02-01,True,2024-02-01,14030010.000000Bank of India,INE084A01016,BANKINDIA,532149,2024-02-01,True,2024-02-01,14030011.000000Bank of Maharashtra,INE457A01014,MAHABANK,532525,2024-02-01,True,2024-02-01,14030012.000000Bata India Ltd.,INE176A01028,BATAINDIA,500043,2024-02-01,True,2024-02-01,16510001.000000Bayer Cropscience Ltd.,INE462A01022,BAYERCROP,506285,2024-02-01,True,2024-02-01,12120001.000000Berger Paints (India) Ltd.,INE463A01038,BERGEPAINT,509480,2024-02-01,True,2024-02-01,11580002.000000Bharat Dynamics Ltd.,INE171Z01018,BDL,541143,2024-02-01,True,2024-02-01,13520141.000000Bharat Electronics Ltd.,INE263A01024,BEL,500049,2024-02-01,True,2024-02-01,13110034.000000Bharat Forge Ltd.,INE465A01025,BHARATFORG,500493,2024-02-01,True,2024-02-01,13570004.000000Bharat Heavy Electricals Ltd.,INE257A01026,BHEL,500103,2024-02-01,True,2024-02-01,13510039.000000Bharat Petroleum Corporation Ltd.,INE029A01011,BPCL,500547,2024-02-01,True,2024-02-01,12140020.000000Bharti Airtel Ltd.,INE397D01024,BHARTIARTL,532454,2024-02-01,True,2024-02-01,15200022.000000Bikaji Foods International Ltd.,INE00E101023,BIKAJI,543653,2024-02-01,True,2024-02-01,11290626.000000Biocon Ltd.,INE376G01013,BIOCON,532523,2024-02-01,True,2024-02-01,11140013.000000Birla Corporation Ltd.,INE340A01012,BIRLACORPN,500335,2024-02-01,True,2024-02-01,11510003.000000Birlasoft Ltd.,INE836A01035,BSOFT,532400,2024-02-01,True,2024-02-01,13030012.000000Blue Dart Express Ltd.,INE233B01017,BLUEDART,526612,2024-02-01,True,2024-02-01,17020238.000000Blue Star Ltd.,INE472A01039,BLUESTARCO,500067,2024-02-01,True,2024-02-01,17010002.000000Bombay Burmah Trading Corporation Ltd.,INE050A01025,BBTC,501425,2024-02-01,True,2024-02-01,11040005.000000Borosil Renewables Ltd.,INE666D01022,BORORENEW,502219,2024-02-01,True,2024-02-01,14580004.000000Bosch Ltd.,INE323A01026,BOSCHLTD,500530,2024-02-01,True,2024-02-01,10610013.000000Brigade Enterprises Ltd.,INE791I01019,BRIGADE,532929,2024-02-01,True,2024-02-01,11620110.000000Brightcom Group Ltd.,INE425B01027,BCG,532368,2024-02-01,True,2024-02-01,13190085.000000Britannia Industries Ltd.,INE216A01030,BRITANNIA,500825,2024-02-01,True,2024-02-01,11120001.000000C.E. Info Systems Ltd.,INE0BV301023,MAPMYINDIA,543425,2024-02-01,True,2024-02-01,13192895.000000CCL Products India Ltd.,INE421D01022,CCL,519600,2024-02-01,True,2024-02-01,11040106.000000CESC Ltd.,INE486A01021,CESC,500084,2024-02-01,True,2024-02-01,15130004.000000CG Power and Industrial Solutions Ltd.,INE067A01029,CGPOWER,500093,2024-02-01,True,2024-02-01,13150001.000000CIE Automotive India Ltd.,INE536H01010,CIEINDIA,532756,2024-02-01,True,2024-02-01,15510021.000000Crisil Ltd.,INE007A01025,CRISIL,500092,2024-02-01,True,2024-02-01,14010005.000000CSB Bank Ltd.,INE679A01013,CSBBANK,542867,2024-02-01,True,2024-02-01,14030033.000000Campus Activewear Ltd.,INE278Y01022,CAMPUS,543523,2024-02-01,True,2024-02-01,16690783.000000Can Fin Homes Ltd.,INE477A01020,CANFINHOME,511196,2024-02-01,True,2024-02-01,14080002.000000Canara Bank,INE476A01014,CANBK,532483,2024-02-01,True,2024-02-01,14030061.000000Capri Global Capital Ltd.,INE180C01026,CGCL,531595,2024-02-01,True,2024-02-01,14010124.000000Carborundum Universal Ltd.,INE120A01034,CARBORUNIV,513375,2024-02-01,True,2024-02-01,14550001.000000Castrol India Ltd.,INE172A01027,CASTROLIND,500870,2024-02-01,True,2024-02-01,13550003.000000Ceat Ltd.,INE482A01020,CEATLTD,500878,2024-02-01,True,2024-02-01,10680003.000000Central Bank of India,INE483A01010,CENTRALBK,532885,2024-02-01,True,2024-02-01,14030013.000000Central Depository Services (India) Ltd.,INE736A01011,CDSL,,2024-02-01,True,2024-02-01,14010235.000000Century Plyboards (India) Ltd.,INE348B01021,CENTURYPLY,532548,2024-02-01,True,2024-02-01,11570034.000000Century Textiles & Industries Ltd.,INE055A01016,CENTURYTEX,500040,2024-02-01,True,2024-02-01,17010003.000000Cera Sanitaryware Ltd.,INE739E01017,CERA,532443,2024-02-01,True,2024-02-01,11120054.000000Chalet Hotels Ltd.,INE427F01016,CHALET,542399,2024-02-01,True,2024-02-01,16620536.000000Chambal Fertilisers & Chemicals Ltd.,INE085A01013,CHAMBLFERT,500085,2024-02-01,True,2024-02-01,12100013.000000Chemplast Sanmar Ltd.,INE488A01050,CHEMPLASTS,543336,2024-02-01,True,2024-02-01,12130016.000000Cholamandalam Financial Holdings Ltd.,INE149A01033,CHOLAHLDNG,504973,2024-02-01,True,2024-02-01,12590003.000000Cholamandalam Investment & Finance Company Ltd.,INE121A01024,CHOLAFIN,511243,2024-02-01,True,2024-02-01,14060011.000000Cipla Ltd.,INE059A01026,CIPLA,500087,2024-02-01,True,2024-02-01,12540010.000000City Union Bank Ltd.,INE491A01021,CUB,532210,2024-02-01,True,2024-02-01,14030077.000000Clean Science & Technology Ltd.,INE227W01023,CLEAN,543318,2024-02-01,True,2024-02-01,17029653.000000Coal India Ltd.,INE522F01014,COALINDIA,533278,2024-02-01,True,2024-02-01,15110007.000000Cochin Shipyard Ltd.,INE704P01025,COCHINSHIP,540678,2024-02-01,True,2024-02-01,16680006.000000Coforge Ltd.,INE591G01017,COFORGE,532541,2024-02-01,True,2024-02-01,13190705.000000Colgate-Palmolive (India) Ltd.,INE259A01022,COLPAL,500830,2024-02-01,True,2024-02-01,12520001.000000Computer Age Management Services Ltd.,INE596I01012,CAMS,543232,2024-02-01,True,2024-02-01,16690463.000000Concord Biotech Ltd.,INE338H01029,CONCORDBIO,543960,2024-02-01,True,2024-02-01,12540622.000000Container Corporation of India Ltd.,INE111A01025,CONCOR,531344,2024-02-01,True,2024-02-01,17010061.000000Coromandel International Ltd.,INE169A01031,COROMANDEL,506395,2024-02-01,True,2024-02-01,12100001.000000Craftsman Automation Ltd.,INE00LO01017,CRAFTSMAN,543276,2024-02-01,True,2024-02-01,13520879.000000CreditAccess Grameen Ltd.,INE741K01010,CREDITACC,541770,2024-02-01,True,2024-02-01,14011064.000000Crompton Greaves Consumer Electricals Ltd.,INE299U01018,CROMPTON,539876,2024-02-01,True,2024-02-01,13150237.000000Cummins India Ltd.,INE298A01020,CUMMINSIND,500480,2024-02-01,True,2024-02-01,13540003.000000Cyient Ltd.,INE136B01020,CYIENT,532175,2024-02-01,True,2024-02-01,13190003.000000DCM Shriram Ltd.,INE499A01024,DCMSHRIRAM,523367,2024-02-01,True,2024-02-01,17010024.000000DLF Ltd.,INE271C01023,DLF,532868,2024-02-01,True,2024-02-01,13520062.000000Dabur India Ltd.,INE016A01026,DABUR,500096,2024-02-01,True,2024-02-01,12540103.000000Dalmia Bharat Ltd.,INE00R701025,DALBHARAT,542216,2024-02-01,True,2024-02-01,11510164.000000Data Patterns (India) Ltd.,INE0IX101010,DATAPATTNS,543428,2024-02-01,True,2024-02-01,17150834.000000Deepak Fertilisers & Petrochemicals Corporation Ltd.,INE501A01019,DEEPAKFERT,500645,2024-02-01,True,2024-02-01,12100002.000000Deepak Nitrite Ltd.,INE288B01029,DEEPAKNTR,506401,2024-02-01,True,2024-02-01,12080004.000000Delhivery Ltd.,INE148O01028,DELHIVERY,543529,2024-02-01,True,2024-02-01,17160358.000000Delta Corp Ltd.,INE124G01033,DELTACORP,532848,2024-02-01,True,2024-02-01,15060001.010000Devyani International Ltd.,INE872J01023,DEVYANI,543330,2024-02-01,True,2024-02-01,11290239.000000Divi's Laboratories Ltd.,INE361B01024,DIVISLAB,532488,2024-02-01,True,2024-02-01,12540408.000000Dixon Technologies (India) Ltd.,INE935N01020,DIXON,540699,2024-02-01,True,2024-02-01,12680028.000000Dr. Lal Pathlabs Ltd.,INE600L01024,LALPATHLAB,539524,2024-02-01,True,2024-02-01,16550403.000000Dr. Reddy's Laboratories Ltd.,INE089A01023,DRREDDY,500124,2024-02-01,True,2024-02-01,12540015.000000EID Parry (India) Ltd.,INE126A01031,EIDPARRY,500125,2024-02-01,True,2024-02-01,12100003.000000EIH Ltd.,INE230A01023,EIHOTEL,500840,2024-02-01,True,2024-02-01,16560002.000000EPL Ltd.,INE255A01020,EPL,500135,2024-02-01,True,2024-02-01,14590005.000000Easy Trip Planners Ltd.,INE07O001026,EASEMYTRIP,543272,2024-02-01,True,2024-02-01,17090175.000000Eicher Motors Ltd.,INE066A01021,EICHERMOT,505200,2024-02-01,True,2024-02-01,10510004.000000Elgi Equipments Ltd.,INE285A01027,ELGIEQUIP,522074,2024-02-01,True,2024-02-01,13610005.000000Emami Ltd.,INE548C01032,EMAMILTD,531162,2024-02-01,True,2024-02-01,12520109.000000Endurance Technologies Ltd.,INE913H01037,ENDURANCE,540153,2024-02-01,True,2024-02-01,13191641.000000Engineers India Ltd.,INE510A01028,ENGINERSIN,532178,2024-02-01,True,2024-02-01,16690002.000000Epigral Ltd.,INE071N01016,EPIGRAL,543332,2024-02-01,True,2024-02-01,12120068.000000Equitas Small Finance Bank Ltd.,INE063P01018,EQUITASBNK,543243,2024-02-01,True,2024-02-01,14094717.000000Eris Lifesciences Ltd.,INE406M01024,ERIS,540596,2024-02-01,True,2024-02-01,12541321.000000Escorts Kubota Ltd.,INE042A01014,ESCORTS,500495,2024-02-01,True,2024-02-01,10540004.000000Exide Industries Ltd.,INE302A01020,EXIDEIND,500086,2024-02-01,True,2024-02-01,10550001.000000FDC Ltd.,INE258B01022,FDC,531599,2024-02-01,True,2024-02-01,12540116.000000FSN E-Commerce Ventures Ltd.,INE388Y01029,NYKAA,543384,2024-02-01,True,2024-02-01,17170015.000000Federal Bank Ltd.,INE171A01029,FEDERALBNK,500469,2024-02-01,True,2024-02-01,14030062.000000The Fertilisers and Chemicals Travancore Ltd.,INE188A01015,FACT,590024,2024-02-01,True,2024-02-01,12100017.000000Fine Organic Industries Ltd.,INE686Y01026,FINEORG,541557,2024-02-01,True,2024-02-01,12070173.000000Finolex Cables Ltd.,INE235A01022,FINCABLES,500144,2024-02-01,True,2024-02-01,15060001.000000Finolex Industries Ltd.,INE183A01024,FINPIPE,500940,2024-02-01,True,2024-02-01,12190003.000000Firstsource Solutions Ltd.,INE684F01012,FSL,532809,2024-02-01,True,2024-02-01,14010399.000000Five-Star Business Finance Ltd.,INE128S01021,FIVESTAR,543663,2024-02-01,True,2024-02-01,14092284.000000Fortis Healthcare Ltd.,INE061F01013,FORTIS,532843,2024-02-01,True,2024-02-01,12540511.000000G R Infraprojects Ltd.,INE201P01022,GRINFRA,543317,2024-02-01,True,2024-02-01,15210389.000000GAIL (India) Ltd.,INE129A01019,GAIL,532155,2024-02-01,True,2024-02-01,15120010.000000GMM Pfaudler Ltd.,INE541A01023,GMMPFAUDLR,505255,2024-02-01,True,2024-02-01,13510006.000000GMR Airports Infrastructure Ltd.,INE776C01039,GMRINFRA,532754,2024-02-01,True,2024-02-01,15210029.000000Galaxy Surfactants Ltd.,INE600K01018,GALAXYSURF,540935,2024-02-01,True,2024-02-01,12010007.000000General Insurance Corporation of India,INE481Y01014,GICRE,540755,2024-02-01,True,2024-02-01,12052001.000000Gillette India Ltd.,INE322A01010,GILLETTE,507815,2024-02-01,True,2024-02-01,12520003.000000Gland Pharma Ltd.,INE068V01023,GLAND,543245,2024-02-01,True,2024-02-01,12541635.000000GlaxoSmithKline Pharmaceuticals Ltd.,INE159A01016,GLAXO,500660,2024-02-01,True,2024-02-01,12540022.000000Glenmark Life Sciences Ltd.,INE03Q201024,GLS,543322,2024-02-01,True,2024-02-01,12541611.000000Glenmark Pharmaceuticals Ltd.,INE935A01035,GLENMARK,532296,2024-02-01,True,2024-02-01,12540399.000000Global Health Ltd.,INE474Q01031,MEDANTA,543654,2024-02-01,True,2024-02-01,16550678.000000Go Fashion (India) Ltd.,INE0BJS01011,GOCOLORS,543401,2024-02-01,True,2024-02-01,16070353.000000Godawari Power & Ispat Ltd.,INE177H01021,GPIL,532734,2024-02-01,True,2024-02-01,17010086.000000Godfrey Phillips India Ltd.,INE260B01028,GODFRYPHLP,500163,2024-02-01,True,2024-02-01,12630002.000000Godrej Consumer Products Ltd.,INE102D01028,GODREJCP,532424,2024-02-01,True,2024-02-01,12520118.000000Godrej Industries Ltd.,INE233A01035,GODREJIND,500164,2024-02-01,True,2024-02-01,12520018.000000Godrej Properties Ltd.,INE484J01027,GODREJPROP,533150,2024-02-01,True,2024-02-01,12520018.050000Granules India Ltd.,INE101D01020,GRANULES,532482,2024-02-01,True,2024-02-01,12540301.000000Graphite India Ltd.,INE371A01025,GRAPHITE,509488,2024-02-01,True,2024-02-01,13580002.000000Grasim Industries Ltd.,INE047A01021,GRASIM,500300,2024-02-01,True,2024-02-01,17010006.000000Great Eastern Shipping Company Ltd.,INE017A01032,GESHIP,500620,2024-02-01,True,2024-02-01,16580004.000000Grindwell Norton Ltd.,INE536A01023,GRINDWELL,506076,2024-02-01,True,2024-02-01,14550003.000000Gujarat Alkalies & Chemicals Ltd.,INE186A01019,GUJALKALI,530001,2024-02-01,True,2024-02-01,12090004.000000Gujarat Ambuja Exports Ltd.,INE036B01030,GAEL,524226,2024-02-01,True,2024-02-01,11070045.000000Gujarat Fluorochemicals Ltd.,INE09N301011,FLUOROCHEM,542812,2024-02-01,True,2024-02-01,12060127.000000Gujarat Gas Ltd.,INE844O01030,GUJGASLTD,539336,2024-02-01,True,2024-02-01,17152816.000000Gujarat Narmada Valley Fertilizers & Chemicals Ltd.,INE113A01013,GNFC,500670,2024-02-01,True,2024-02-01,12100005.000000Gujarat Pipavav Port Ltd.,INE517F01014,GPPL,533248,2024-02-01,True,2024-02-01,16680010.000000Gujarat State Fertilizer & Chemicals Ltd.,INE026A01025,GSFC,500690,2024-02-01,True,2024-02-01,12100006.000000Gujarat State Petronet Ltd.,INE246F01010,GSPL,532702,2024-02-01,True,2024-02-01,12140048.000000HEG Ltd.,INE545A01016,HEG,509631,2024-02-01,True,2024-02-01,13580005.000000HCL Technologies Ltd.,INE860A01027,HCLTECH,532281,2024-02-01,True,2024-02-01,13020101.000000HDFC Asset Management Company Ltd.,INE127D01025,HDFCAMC,541729,2024-02-01,True,2024-02-01,14050596.000000HDFC Bank Ltd.,INE040A01034,HDFCBANK,500180,2024-02-01,True,2024-02-01,14030055.000000HDFC Life Insurance Company Ltd.,INE795G01014,HDFCLIFE,540777,2024-02-01,True,2024-02-01,14020008.000000HFCL Ltd.,INE548A01028,HFCL,500183,2024-02-01,True,2024-02-01,15140003.000000HLE Glascoat Ltd.,INE461D01028,HLEGLAS,522215,2024-02-01,True,2024-02-01,14580019.000000Happiest Minds Technologies Ltd.,INE419U01012,HAPPSTMNDS,543227,2024-02-01,True,2024-02-01,13240188.000000Havells India Ltd.,INE176B01034,HAVELLS,517354,2024-02-01,True,2024-02-01,13150020.000000Hero MotoCorp Ltd.,INE158A01026,HEROMOTOCO,500182,2024-02-01,True,2024-02-01,10540005.000000Hindalco Industries Ltd.,INE038A01020,HINDALCO,500440,2024-02-01,True,2024-02-01,15040001.000000Hindustan Aeronautics Ltd.,INE066F01020,HAL,541154,2024-02-01,True,2024-02-01,13510030.000000Hindustan Copper Ltd.,INE531E01026,HINDCOPPER,513599,2024-02-01,True,2024-02-01,15100035.000000Hindustan Petroleum Corporation Ltd.,INE094A01015,HINDPETRO,500104,2024-02-01,True,2024-02-01,12140018.000000Hindustan Unilever Ltd.,INE030A01027,HINDUNILVR,500696,2024-02-01,True,2024-02-01,12520002.000000Hindustan Zinc Ltd.,INE267A01025,HINDZINC,500188,2024-02-01,True,2024-02-01,15100034.000000Hitachi Energy India Ltd.,INE07Y701011,POWERINDIA,543187,2024-02-01,True,2024-02-01,13130037.000000Home First Finance Company India Ltd.,INE481N01025,HOMEFIRST,543259,2024-02-01,True,2024-02-01,14094153.000000Honeywell Automation India Ltd.,INE671A01010,HONAUT,517174,2024-02-01,True,2024-02-01,13040004.000000Housing and Urban Development Corporation Ltd.,INE031A01017,HUDCO,540530,2024-02-01,True,2024-02-01,14040026.000000ICICI Bank Ltd.,INE090A01021,ICICIBANK,532174,2024-02-01,True,2024-02-01,14030056.000000ICICI Lombard General Insurance Company Ltd.,INE765G01017,ICICIGI,540716,2024-02-01,True,2024-02-01,14020007.000000ICICI Prudential Life Insurance Company Ltd.,INE726G01019,ICICIPRULI,540133,2024-02-01,True,2024-02-01,14020006.000000ICICI Securities Ltd.,INE763G01038,ISEC,541179,2024-02-01,True,2024-02-01,14040001.030000IDBI Bank Ltd.,INE008A01015,IDBI,500116,2024-02-01,True,2024-02-01,14040004.000000IDFC First Bank Ltd.,INE092T01019,IDFCFIRSTB,539437,2024-02-01,True,2024-02-01,14100051.000000IDFC Ltd.,INE043D01016,IDFC,532659,2024-02-01,True,2024-02-01,14040034.000000IIFL Finance Ltd.,INE530B01024,IIFL,532636,2024-02-01,True,2024-02-01,14010485.000000IRB Infrastructure Developers Ltd.,INE821I01022,IRB,532947,2024-02-01,True,2024-02-01,11600148.000000Ircon International Ltd.,INE962Y01021,IRCON,541956,2024-02-01,True,2024-02-01,11600033.000000ITC Ltd.,INE154A01025,ITC,500875,2024-02-01,True,2024-02-01,12630003.000000ITI Ltd.,INE248A01017,ITI,523610,2024-02-01,True,2024-02-01,15140018.000000India Cements Ltd.,INE383A01012,INDIACEM,530005,2024-02-01,True,2024-02-01,11510006.000000Indiabulls Housing Finance Ltd.,INE148I01020,IBULHSGFIN,535789,2024-02-01,True,2024-02-01,14010549.000000IndiaMART InterMESH Ltd.,INE933S01016,INDIAMART,542726,2024-02-01,True,2024-02-01,13191988.000000Indian Bank,INE562A01011,INDIANB,532814,2024-02-01,True,2024-02-01,14030019.000000Indian Energy Exchange Ltd.,INE022Q01020,IEX,540750,2024-02-01,True,2024-02-01,17025175.000000Indian Hotels Company Ltd.,INE053A01029,INDHOTEL,500850,2024-02-01,True,2024-02-01,16560007.000000Indian Oil Corporation Ltd.,INE242A01010,IOC,530965,2024-02-01,True,2024-02-01,12140022.000000Indian Overseas Bank,INE565A01014,IOB,532388,2024-02-01,True,2024-02-01,14030015.000000Indian Railway Catering & Tourism Corporation Ltd.,INE335Y01020,IRCTC,542830,2024-02-01,True,2024-02-01,17090010.000000Indian Railway Finance Corporation Ltd.,INE053F01010,IRFC,543257,2024-02-01,True,2024-02-01,14040007.000000Indigo Paints Ltd.,INE09VQ01012,INDIGOPNTS,543258,2024-02-01,True,2024-02-01,12310469.000000Indraprastha Gas Ltd.,INE203G01027,IGL,532514,2024-02-01,True,2024-02-01,12300008.000000Indus Towers Ltd.,INE121J01017,INDUSTOWER,534816,2024-02-01,True,2024-02-01,15200071.000000IndusInd Bank Ltd.,INE095A01012,INDUSINDBK,532187,2024-02-01,True,2024-02-01,14030054.000000Infibeam Avenues Ltd.,INE483S01020,INFIBEAM,539807,2024-02-01,True,2024-02-01,17170004.000000Info Edge (India) Ltd.,INE663F01024,NAUKRI,532777,2024-02-01,True,2024-02-01,16690077.000000Infosys Ltd.,INE009A01021,INFY,500209,2024-02-01,True,2024-02-01,13020007.000000Ingersoll-Rand (India) Ltd.,INE177A01018,INGERRAND,500210,2024-02-01,True,2024-02-01,13610008.000000Intellect Design Arena Ltd.,INE306R01017,INTELLECT,538835,2024-02-01,True,2024-02-01,13192325.000000InterGlobe Aviation Ltd.,INE646L01027,INDIGO,539448,2024-02-01,True,2024-02-01,16690529.000000Ipca Laboratories Ltd.,INE571A01038,IPCALAB,524494,2024-02-01,True,2024-02-01,12540124.000000J B Chemicals & Pharmaceuticals Ltd.,INE572A01036,JBCHEPHARM,506943,2024-02-01,True,2024-02-01,12540030.000000JK Cement Ltd.,INE823G01014,JKCEMENT,532644,2024-02-01,True,2024-02-01,11520077.000000JBM Auto Ltd.,INE927D01044,JBMA,532605,2024-02-01,True,2024-02-01,10670055.000000JK Lakshmi Cement Ltd.,INE786A01032,JKLAKSHMI,500380,2024-02-01,True,2024-02-01,16530019.000000JK Paper Ltd.,INE789E01012,JKPAPER,532162,2024-02-01,True,2024-02-01,16530044.000000JM Financial Ltd.,INE780C01023,JMFINANCIL,523405,2024-02-01,True,2024-02-01,14090003.000000JSW Energy Ltd.,INE121E01018,JSWENERGY,533148,2024-02-01,True,2024-02-01,15130147.000000JSW Steel Ltd.,INE019A01038,JSWSTEEL,500228,2024-02-01,True,2024-02-01,15530059.000000Jamna Auto Industries Ltd.,INE039C01032,JAMNAAUTO,520051,2024-02-01,True,2024-02-01,10650003.000000Jindal Saw Ltd.,INE324A01024,JINDALSAW,500378,2024-02-01,True,2024-02-01,15580014.000000Jindal Stainless Ltd.,INE220G01021,JSL,532508,2024-02-01,True,2024-02-01,15990019.000000Jindal Steel & Power Ltd.,INE749A01030,JINDALSTEL,532286,2024-02-01,True,2024-02-01,15540044.000000Jubilant Foodworks Ltd.,INE797F01020,JUBLFOOD,533155,2024-02-01,True,2024-02-01,11290023.000000Jubilant Ingrevia Ltd.,INE0BY001018,JUBLINGREA,543271,2024-02-01,True,2024-02-01,11330324.000000Jubilant Pharmova Ltd.,INE700A01033,JUBLPHARMA,530019,2024-02-01,True,2024-02-01,12070015.000000Just Dial Ltd.,INE599M01018,JUSTDIAL,535648,2024-02-01,True,2024-02-01,16690415.000000Jyothy Labs Ltd.,INE668F01031,JYOTHYLAB,532926,2024-02-01,True,2024-02-01,12520131.000000KPR Mill Ltd.,INE930H01031,KPRMILL,532889,2024-02-01,True,2024-02-01,16070089.000000KEI Industries Ltd.,INE878B01027,KEI,517569,2024-02-01,True,2024-02-01,15050033.000000KNR Constructions Ltd.,INE634I01029,KNRCON,532942,2024-02-01,True,2024-02-01,15210025.000000KPIT Technologies Ltd.,INE04I401011,KPITTECH,542651,2024-02-01,True,2024-02-01,17154051.000000KRBL Ltd.,INE001B01026,KRBL,530813,2024-02-01,True,2024-02-01,12640009.000000KSB Ltd.,INE999A01015,KSB,500249,2024-02-01,True,2024-02-01,13600002.000000Kajaria Ceramics Ltd.,INE217B01036,KAJARIACER,500233,2024-02-01,True,2024-02-01,11540007.000000Kalpataru Projects International Ltd.,INE220B01022,KPIL,522287,2024-02-01,True,2024-02-01,15150006.000000Kalyan Jewellers India Ltd.,INE303R01014,KALYANKJIL,543278,2024-02-01,True,2024-02-01,15070563.000000Kansai Nerolac Paints Ltd.,INE531A01024,KANSAINER,500165,2024-02-01,True,2024-02-01,11580005.000000Karur Vysya Bank Ltd.,INE036D01028,KARURVYSYA,590003,2024-02-01,True,2024-02-01,14030037.000000Kaynes Technology India Ltd.,INE918Z01012,KAYNES,543664,2024-02-01,True,2024-02-01,17029819.000000KEC International Ltd.,INE389H01022,KEC,532714,2024-02-01,True,2024-02-01,15150022.000000KFIN Technologies Ltd.,INE138Y01010,KFINTECH,543720,2024-02-01,True,2024-02-01,14095013.000000Kotak Mahindra Bank Ltd.,INE237A01028,KOTAKBANK,500247,2024-02-01,True,2024-02-01,14060005.000000Krishna Institute of Medical Sciences Ltd.,INE967H01017,KIMS,543308,2024-02-01,True,2024-02-01,16550207.000000L&T Finance Holdings Ltd.,INE498L01015,L&TFH,533519,2024-02-01,True,2024-02-01,17027392.000000L&T Technology Services Ltd.,INE010V01017,LTTS,540115,2024-02-01,True,2024-02-01,13520838.000000LIC Housing Finance Ltd.,INE115A01026,LICHSGFIN,500253,2024-02-01,True,2024-02-01,14080009.000000LTIMindtree Ltd.,INE214T01019,LTIM,540005,2024-02-01,True,2024-02-01,13190108.000000Lakshmi Machine Works Ltd.,INE269B01029,LAXMIMACH,500252,2024-02-01,True,2024-02-01,13640004.000000Larsen & Toubro Ltd.,INE018A01030,LT,500510,2024-02-01,True,2024-02-01,17010013.000000Latent View Analytics Ltd.,INE0I7C01011,LATENTVIEW,543398,2024-02-01,True,2024-02-01,13240202.000000Laurus Labs Ltd.,INE947Q01028,LAURUSLABS,540222,2024-02-01,True,2024-02-01,12541431.000000Laxmi Organic Industries Ltd.,INE576O01020,LXCHEM,543277,2024-02-01,True,2024-02-01,12070151.000000Lemon Tree Hotels Ltd.,INE970X01018,LEMONTREE,541233,2024-02-01,True,2024-02-01,16620202.000000Life Insurance Corporation of India,INE0J1Y01017,LICI,543526,2024-02-01,True,2024-02-01,14020001.000000Linde India Ltd.,INE473A01011,LINDEINDIA,523457,2024-02-01,True,2024-02-01,14560004.000000Lupin Ltd.,INE326A01037,LUPIN,500257,2024-02-01,True,2024-02-01,12540136.000000Lux Industries Ltd.,INE150G01020,LUXIND,539542,2024-02-01,True,2024-02-01,17025232.000000MMTC Ltd.,INE123F01029,MMTC,513377,2024-02-01,True,2024-02-01,16610052.000000MRF Ltd.,INE883A01011,MRF,500290,2024-02-01,True,2024-02-01,10680013.000000MTAR Technologies Ltd.,INE864I01014,MTARTECH,543270,2024-02-01,True,2024-02-01,13520513.000000Macrotech Developers Ltd.,INE670K01029,LODHA,543287,2024-02-01,True,2024-02-01,11620105.000000Mahanagar Gas Ltd.,INE002S01010,MGL,539957,2024-02-01,True,2024-02-01,14560035.000000Mahindra & Mahindra Financial Services Ltd.,INE774D01024,M&MFIN,532720,2024-02-01,True,2024-02-01,10520003.140000Mahindra & Mahindra Ltd.,INE101A01026,M&M,500520,2024-02-01,True,2024-02-01,10520003.000000Mahindra Holidays & Resorts India Ltd.,INE998I01010,MHRIL,533088,2024-02-01,True,2024-02-01,16560125.000000Mahindra Lifespace Developers Ltd.,INE813A01018,MAHLIFE,532313,2024-02-01,True,2024-02-01,11600074.000000Manappuram Finance Ltd.,INE522D01027,MANAPPURAM,531213,2024-02-01,True,2024-02-01,14060339.000000Mangalore Refinery And Petrochemicals Ltd.,INE103A01014,MRPL,500109,2024-02-01,True,2024-02-01,12130017.000000Mankind Pharma Ltd.,INE634S01028,MANKIND,543904,2024-02-01,True,2024-02-01,12541046.000000Marico Ltd.,INE196A01026,MARICO,531642,2024-02-01,True,2024-02-01,11120039.000000Maruti Suzuki India Ltd.,INE585B01010,MARUTI,532500,2024-02-01,True,2024-02-01,10520005.000000Mastek Ltd.,INE759A01021,MASTEK,523704,2024-02-01,True,2024-02-01,13020010.000000Max Financial Services Ltd.,INE180A01020,MFSL,500271,2024-02-01,True,2024-02-01,12540033.000000Max Healthcare Institute Ltd.,INE027H01010,MAXHEALTH,543220,2024-02-01,True,2024-02-01,16550050.000000Mazagon Dock Shipbuilders Ltd.,INE249Z01012,MAZDOCK,543237,2024-02-01,True,2024-02-01,16680004.000000Medplus Health Services Ltd.,INE804L01022,MEDPLUS,543427,2024-02-01,True,2024-02-01,12541670.000000Metro Brands Ltd.,INE317I01021,METROBRAND,543426,2024-02-01,True,2024-02-01,16510042.000000Metropolis Healthcare Ltd.,INE112L01020,METROPOLIS,542650,2024-02-01,True,2024-02-01,16550066.000000Minda Corporation Ltd.,INE842C01021,MINDACORP,538962,2024-02-01,True,2024-02-01,10670088.000000Motherson Sumi Wiring India Ltd.,INE0FS801015,MSUMI,543498,2024-02-01,True,2024-02-01,15050142.000000Motilal Oswal Financial Services Ltd.,INE338I01027,MOTILALOFS,532892,2024-02-01,True,2024-02-01,14010615.000000MphasiS Ltd.,INE356A01018,MPHASIS,526299,2024-02-01,True,2024-02-01,13020026.000000Multi Commodity Exchange of India Ltd.,INE745G01035,MCX,534091,2024-02-01,True,2024-02-01,11250011.000000Muthoot Finance Ltd.,INE414G01012,MUTHOOTFIN,533398,2024-02-01,True,2024-02-01,14011139.000000Natco Pharma Ltd.,INE987B01026,NATCOPHARM,524816,2024-02-01,True,2024-02-01,12540243.000000NBCC (India) Ltd.,INE095N01031,NBCC,534309,2024-02-01,True,2024-02-01,11600065.000000NCC Ltd.,INE868B01028,NCC,500294,2024-02-01,True,2024-02-01,11610008.000000NHPC Ltd.,INE848E01016,NHPC,533098,2024-02-01,True,2024-02-01,15130012.000000NLC India Ltd.,INE589A01014,NLCINDIA,513683,2024-02-01,True,2024-02-01,15110006.000000NMDC Ltd.,INE584A01023,NMDC,526371,2024-02-01,True,2024-02-01,15110018.000000NMDC Steel Ltd.,INE0NNS01018,NSLNISP,543768,2024-02-01,True,2024-02-01,15510580.000000NTPC Ltd.,INE733E01010,NTPC,532555,2024-02-01,True,2024-02-01,15130025.000000Narayana Hrudayalaya Ltd.,INE410P01011,NH,539551,2024-02-01,True,2024-02-01,16550219.000000National Aluminium Company Ltd.,INE139A01034,NATIONALUM,532234,2024-02-01,True,2024-02-01,15040013.000000Navin Fluorine International Ltd.,INE048G01026,NAVINFLUOR,532504,2024-02-01,True,2024-02-01,12310029.000000Nazara Technologies Ltd.,INE418L01021,NAZARA,543280,2024-02-01,True,2024-02-01,13192629.000000Nestle India Ltd.,INE239A01024,NESTLEIND,500790,2024-02-01,True,2024-02-01,11120007.000000Network18 Media & Investments Ltd.,INE870H01013,NETWORK18,532798,2024-02-01,True,2024-02-01,14010566.000000Nippon Life India Asset Management Ltd.,INE298J01013,NAM-INDIA,540767,2024-02-01,True,2024-02-01,14060009.080000Nuvoco Vistas Corporation Ltd.,INE118D01016,NUVOCO,543334,2024-02-01,True,2024-02-01,11510053.000000Oberoi Realty Ltd.,INE093I01010,OBEROIRLTY,533273,2024-02-01,True,2024-02-01,11621009.000000Oil And Natural Gas Corporation Ltd.,INE213A01029,ONGC,500312,2024-02-01,True,2024-02-01,12140006.000000Oil India Ltd.,INE274J01014,OIL,533106,2024-02-01,True,2024-02-01,12140038.000000Olectra Greentech Ltd.,INE260D01016,OLECTRA,532439,2024-02-01,True,2024-02-01,15200013.000000One97 Communications Ltd.,INE982J01020,PAYTM,543396,2024-02-01,True,2024-02-01,16691701.000000Oracle Financial Services Software Ltd.,INE881D01027,OFSS,532466,2024-02-01,True,2024-02-01,13190253.000000Orient Electric Ltd.,INE142Z01019,ORIENTELEC,541301,2024-02-01,True,2024-02-01,13150256.000000PB Fintech Ltd.,INE417T01026,POLICYBZR,543390,2024-02-01,True,2024-02-01,16691699.000000PCBL Ltd.,INE602A01031,PCBL,506590,2024-02-01,True,2024-02-01,10700005.000000PI Industries Ltd.,INE603J01030,PIIND,523642,2024-02-01,True,2024-02-01,12120019.000000PNB Housing Finance Ltd.,INE572E01012,PNBHOUSING,540173,2024-02-01,True,2024-02-01,14080038.000000PNC Infratech Ltd.,INE195J01029,PNCINFRA,539150,2024-02-01,True,2024-02-01,15210341.000000PVR INOX Ltd.,INE191H01014,PVRINOX,532689,2024-02-01,True,2024-02-01,17040122.000000Page Industries Ltd.,INE761H01022,PAGEIND,532827,2024-02-01,True,2024-02-01,16070088.000000Patanjali Foods Ltd.,INE619A01035,PATANJALI,500368,2024-02-01,True,2024-02-01,11070014.000000Persistent Systems Ltd.,INE262H01013,PERSISTENT,533179,2024-02-01,True,2024-02-01,13191103.000000Petronet LNG Ltd.,INE347G01014,PETRONET,532522,2024-02-01,True,2024-02-01,12140039.000000Pfizer Ltd.,INE182A01018,PFIZER,500680,2024-02-01,True,2024-02-01,12540038.000000Phoenix Mills Ltd.,INE211B01039,PHOENIXLTD,503100,2024-02-01,True,2024-02-01,16490110.000000Pidilite Industries Ltd.,INE318A01026,PIDILITIND,500331,2024-02-01,True,2024-02-01,17020184.000000Piramal Enterprises Ltd.,INE140A01024,PEL,500302,2024-02-01,True,2024-02-01,12540035.000000Piramal Pharma Ltd.,INE0DK501011,PPLPHARMA,543635,2024-02-01,True,2024-02-01,12541711.000000Poly Medicure Ltd.,INE205C01021,POLYMED,531768,2024-02-01,True,2024-02-01,12670012.000000Polycab India Ltd.,INE455K01017,POLYCAB,542652,2024-02-01,True,2024-02-01,15050067.000000Polyplex Corporation Ltd.,INE633B01018,POLYPLEX,524051,2024-02-01,True,2024-02-01,14590015.000000Poonawalla Fincorp Ltd.,INE511C01022,POONAWALLA,524000,2024-02-01,True,2024-02-01,14560019.000000Power Finance Corporation Ltd.,INE134E01011,PFC,532810,2024-02-01,True,2024-02-01,14040029.000000Power Grid Corporation of India Ltd.,INE752E01010,POWERGRID,532898,2024-02-01,True,2024-02-01,15130029.000000Praj Industries Ltd.,INE074A01025,PRAJIND,522205,2024-02-01,True,2024-02-01,13520092.000000Prestige Estates Projects Ltd.,INE811K01011,PRESTIGE,533274,2024-02-01,True,2024-02-01,11621016.000000Prince Pipes & Fittings Ltd.,INE689W01016,PRINCEPIPE,542907,2024-02-01,True,2024-02-01,12190047.000000Prism Johnson Ltd.,INE010A01011,PRSMJOHNSN,500338,2024-02-01,True,2024-02-01,11510046.000000Procter & Gamble Health Ltd.,INE199A01012,PGHL,500126,2024-02-01,True,2024-02-01,12540017.000000Procter & Gamble Hygiene & Healthcare Ltd.,INE179A01014,PGHH,500459,2024-02-01,True,2024-02-01,12520009.000000Punjab National Bank,INE160A01022,PNB,532461,2024-02-01,True,2024-02-01,14030016.000000Quess Corp Ltd.,INE615P01015,QUESS,539978,2024-02-01,True,2024-02-01,14094171.000000RBL Bank Ltd.,INE976G01028,RBLBANK,540065,2024-02-01,True,2024-02-01,14030078.000000REC Ltd.,INE020B01018,RECLTD,532955,2024-02-01,True,2024-02-01,14040025.000000RHI Magnesita India Ltd.,INE743M01012,RHIM,534076,2024-02-01,True,2024-02-01,17028419.000000Rites Ltd.,INE320J01015,RITES,541556,2024-02-01,True,2024-02-01,16690082.000000Radico Khaitan Ltd.,INE944F01028,RADICO,532497,2024-02-01,True,2024-02-01,11510024.000000Rail Vikas Nigam Ltd.,INE415G01027,RVNL,542649,2024-02-01,True,2024-02-01,11600132.000000Rain Industries Ltd.,INE855B01025,RAIN,500339,2024-02-01,True,2024-02-01,11510013.000000Rainbow Childrens Medicare Ltd.,INE961O01016,RAINBOW,543524,2024-02-01,True,2024-02-01,16550183.000000Rajesh Exports Ltd.,INE343B01030,RAJESHEXPO,531500,2024-02-01,True,2024-02-01,15070038.000000Rallis India Ltd.,INE613A01020,RALLIS,500355,2024-02-01,True,2024-02-01,17010015.000000Rashtriya Chemicals & Fertilizers Ltd.,INE027A01015,RCF,524230,2024-02-01,True,2024-02-01,12100018.000000Ratnamani Metals & Tubes Ltd.,INE703B01027,RATNAMANI,520111,2024-02-01,True,2024-02-01,15580045.000000RattanIndia Enterprises Ltd.,INE834M01019,RTNINDIA,534597,2024-02-01,True,2024-02-01,17028850.000000Raymond Ltd.,INE301A01014,RAYMOND,500330,2024-02-01,True,2024-02-01,16060004.000000Redington Ltd.,INE891D01026,REDINGTON,532805,2024-02-01,True,2024-02-01,13190973.000000Relaxo Footwears Ltd.,INE131B01039,RELAXO,530517,2024-02-01,True,2024-02-01,16510019.000000Reliance Industries Ltd.,INE002A01018,RELIANCE,500325,2024-02-01,True,2024-02-01,12150008.000000Restaurant Brands Asia Ltd.,INE07T201019,RBA,543248,2024-02-01,True,2024-02-01,16620684.000000Rossari Biotech Ltd.,INE02A801020,ROSSARI,543213,2024-02-01,True,2024-02-01,11140083.000000Route Mobile Ltd.,INE450U01017,ROUTE,543228,2024-02-01,True,2024-02-01,13240189.000000SBI Cards and Payment Services Ltd.,INE018E01016,SBICARD,543066,2024-02-01,True,2024-02-01,14010671.000000SBI Life Insurance Company Ltd.,INE123W01016,SBILIFE,540719,2024-02-01,True,2024-02-01,14020014.000000SJVN Ltd.,INE002L01015,SJVN,533206,2024-02-01,True,2024-02-01,15130124.000000SKF India Ltd.,INE640A01023,SKFINDIA,500472,2024-02-01,True,2024-02-01,14510006.000000SRF Ltd.,INE647A01010,SRF,503806,2024-02-01,True,2024-02-01,12170004.000000Safari Industries (India) Ltd.,INE429E01023,SAFARI,523025,2024-02-01,True,2024-02-01,12580003.000000Samvardhana Motherson International Ltd.,INE775A01035,MOTHERSON,517334,2024-02-01,True,2024-02-01,10670029.000000Sanofi India Ltd.,INE058A01010,SANOFI,500674,2024-02-01,True,2024-02-01,12540026.000000Sapphire Foods India Ltd.,INE806T01012,SAPPHIRE,543397,2024-02-01,True,2024-02-01,11290593.000000Saregama India Ltd.,INE979A01025,SAREGAMA,532163,2024-02-01,True,2024-02-01,13090029.000000Schaeffler India Ltd.,INE513A01022,SCHAEFFLER,505790,2024-02-01,True,2024-02-01,14510005.000000Sharda Cropchem Ltd.,INE221J01015,SHARDACROP,538666,2024-02-01,True,2024-02-01,12120089.000000Sheela Foam Ltd.,INE916U01025,SFL,540203,2024-02-01,True,2024-02-01,12130096.000000Shoppers Stop Ltd.,INE498B01024,SHOPERSTOP,532638,2024-02-01,True,2024-02-01,16610345.000000Shree Cements Ltd.,INE070A01015,SHREECEM,500387,2024-02-01,True,2024-02-01,11510016.000000Shree Renuka Sugars Ltd.,INE087H01022,RENUKA,532670,2024-02-01,True,2024-02-01,11320019.000000Shriram Finance Ltd.,INE721A01013,SHRIRAMFIN,511218,2024-02-01,True,2024-02-01,14060030.000000Shyam Metalics and Energy Ltd.,INE810G01011,SHYAMMETL,543299,2024-02-01,True,2024-02-01,15510829.000000Siemens Ltd.,INE003A01024,SIEMENS,500550,2024-02-01,True,2024-02-01,13040003.000000Sobha Ltd.,INE671H01015,SOBHA,532784,2024-02-01,True,2024-02-01,11620058.000000Solar Industries India Ltd.,INE343H01029,SOLARINDS,532725,2024-02-01,True,2024-02-01,15080013.000000Sona BLW Precision Forgings Ltd.,INE073K01018,SONACOMS,543300,2024-02-01,True,2024-02-01,13570108.000000Sonata Software Ltd.,INE269A01021,SONATSOFTW,532221,2024-02-01,True,2024-02-01,13020071.000000Star Health and Allied Insurance Company Ltd.,INE575P01011,STARHEALTH,543412,2024-02-01,True,2024-02-01,14020048.000000State Bank of India,INE062A01020,SBIN,500112,2024-02-01,True,2024-02-01,14030001.000000Steel Authority of India (SAIL) Ltd.,INE114A01011,SAIL,500113,2024-02-01,True,2024-02-01,15510002.000000Sterling and Wilson Renewable Energy Ltd.,INE00M201021,SWSOLAR,542760,2024-02-01,True,2024-02-01,13520894.000000Sterlite Technologies Ltd.,INE089C01029,STLTECH,532374,2024-02-01,True,2024-02-01,15140056.000000Sumitomo Chemical India Ltd.,INE258G01013,SUMICHEM,542920,2024-02-01,True,2024-02-01,12310215.000000Sun Pharma Advanced Research Company Ltd.,INE232I01014,SPARC,532872,2024-02-01,True,2024-02-01,12540617.000000Sun Pharmaceutical Industries Ltd.,INE044A01036,SUNPHARMA,524715,2024-02-01,True,2024-02-01,12540191.000000Sun TV Network Ltd.,INE424H01027,SUNTV,532733,2024-02-01,True,2024-02-01,17040158.000000Sundaram Finance Ltd.,INE660A01013,SUNDARMFIN,590071,2024-02-01,True,2024-02-01,14060001.000000Sundram Fasteners Ltd.,INE387A01021,SUNDRMFAST,500403,2024-02-01,True,2024-02-01,14540005.000000Sunteck Realty Ltd.,INE805D01034,SUNTECK,512179,2024-02-01,True,2024-02-01,14580040.000000Suprajit Engineering Ltd.,INE399C01030,SUPRAJIT,532509,2024-02-01,True,2024-02-01,10630007.000000Supreme Industries Ltd.,INE195A01028,SUPREMEIND,509930,2024-02-01,True,2024-02-01,12200009.000000Suven Pharmaceuticals Ltd.,INE03QK01018,SUVENPHAR,543064,2024-02-01,True,2024-02-01,12541615.000000Suzlon Energy Ltd.,INE040H01021,SUZLON,532667,2024-02-01,True,2024-02-01,15130070.000000Swan Energy Ltd.,INE665A01038,SWANENERGY,503310,2024-02-01,True,2024-02-01,16020020.000000Symphony Ltd.,INE225D01027,SYMPHONY,517385,2024-02-01,True,2024-02-01,13090018.000000Syngene International Ltd.,INE398R01022,SYNGENE,539268,2024-02-01,True,2024-02-01,11140028.000000Syrma SGS Technology Ltd.,INE0DYJ01015,SYRMA,543573,2024-02-01,True,2024-02-01,13090137.000000TTK Prestige Ltd.,INE690A01028,TTKPRESTIG,517506,2024-02-01,True,2024-02-01,12570004.000000TV18 Broadcast Ltd.,INE886H01027,TV18BRDCST,532800,2024-02-01,True,2024-02-01,17040160.000000TVS Motor Company Ltd.,INE494B01023,TVSMOTOR,532343,2024-02-01,True,2024-02-01,10540010.000000Tanla Platforms Ltd.,INE483C01032,TANLA,532790,2024-02-01,True,2024-02-01,11050111.000000Tata Chemicals Ltd.,INE092A01019,TATACHEM,500770,2024-02-01,True,2024-02-01,12090010.000000Tata Communications Ltd.,INE151A01013,TATACOMM,500483,2024-02-01,True,2024-02-01,15140032.000000Tata Consultancy Services Ltd.,INE467B01029,TCS,532540,2024-02-01,True,2024-02-01,13020033.000000Tata Consumer Products Ltd.,INE192A01025,TATACONSUM,500800,2024-02-01,True,2024-02-01,12660006.000000Tata Elxsi Ltd.,INE670A01012,TATAELXSI,500408,2024-02-01,True,2024-02-01,13010013.000000Tata Investment Corporation Ltd.,INE672A01018,TATAINVEST,501301,2024-02-01,True,2024-02-01,14090012.000000Tata Motors Ltd.,INE155A01022,TATAMOTORS,500570,2024-02-01,True,2024-02-01,10510008.000000Tata Power Company Ltd.,INE245A01021,TATAPOWER,500400,2024-02-01,True,2024-02-01,15130008.000000Tata Steel Ltd.,INE081A01020,TATASTEEL,500470,2024-02-01,True,2024-02-01,15510001.000000Tata Teleservices (Maharashtra) Ltd.,INE517B01013,TTML,532371,2024-02-01,True,2024-02-01,15200002.010000TeamLease Services Ltd.,INE985S01024,TEAMLEASE,539658,2024-02-01,True,2024-02-01,14093696.000000Tech Mahindra Ltd.,INE669C01036,TECHM,532755,2024-02-01,True,2024-02-01,10520003.010000Tejas Networks Ltd.,INE010J01012,TEJASNET,540595,2024-02-01,True,2024-02-01,13010056.000000The New India Assurance Company Ltd.,INE470Y01017,NIACL,540769,2024-02-01,True,2024-02-01,14020003.000000The Ramco Cements Ltd.,INE331A01037,RAMCOCEM,500260,2024-02-01,True,2024-02-01,11510023.000000Thermax Ltd.,INE152A01029,THERMAX,500411,2024-02-01,True,2024-02-01,13630006.000000Timken India Ltd.,INE325A01013,TIMKEN,522113,2024-02-01,True,2024-02-01,14510007.000000Titan Company Ltd.,INE280A01028,TITAN,500114,2024-02-01,True,2024-02-01,12600001.000000Torrent Pharmaceuticals Ltd.,INE685A01028,TORNTPHARM,500420,2024-02-01,True,2024-02-01,12540226.000000Torrent Power Ltd.,INE813H01021,TORNTPOWER,532779,2024-02-01,True,2024-02-01,15130120.000000Trent Ltd.,INE849A01020,TRENT,500251,2024-02-01,True,2024-02-01,12520005.000000Trident Ltd.,INE064C01022,TRIDENT,521064,2024-02-01,True,2024-02-01,16030094.000000Triveni Engineering & Industries Ltd.,INE256C01024,TRIVENI,532356,2024-02-01,True,2024-02-01,15120011.000000Triveni Turbine Ltd.,INE152M01016,TRITURBINE,533655,2024-02-01,True,2024-02-01,17024576.000000Tube Investments of India Ltd.,INE974X01010,TIINDIA,540762,2024-02-01,True,2024-02-01,14094896.000000UCO Bank,INE691A01018,UCOBANK,532505,2024-02-01,True,2024-02-01,14030017.000000UNO Minda Ltd.,INE405E01023,UNOMINDA,532539,2024-02-01,True,2024-02-01,10600006.000000UPL Ltd.,INE628A01036,UPL,512070,2024-02-01,True,2024-02-01,12060021.000000UTI Asset Management Company Ltd.,INE094J01016,UTIAMC,543238,2024-02-01,True,2024-02-01,14051227.000000Ujjivan Small Finance Bank Ltd.,INE551W01018,UJJIVANSFB,542904,2024-02-01,True,2024-02-01,14094840.000000UltraTech Cement Ltd.,INE481G01011,ULTRACEMCO,532538,2024-02-01,True,2024-02-01,11520068.000000Union Bank of India,INE692A01016,UNIONBANK,532477,2024-02-01,True,2024-02-01,14030018.000000United Breweries Ltd.,INE686F01025,UBL,532478,2024-02-01,True,2024-02-01,11090043.000000United Spirits Ltd.,INE854D01024,MCDOWELL-N,532432,2024-02-01,True,2024-02-01,11100025.000000Usha Martin Ltd.,INE228A01035,USHAMART,517146,2024-02-01,True,2024-02-01,15060006.000000V-Guard Industries Ltd.,INE951I01027,VGUARD,532953,2024-02-01,True,2024-02-01,13150060.000000V-Mart Retail Ltd.,INE665J01013,VMART,534976,2024-02-01,True,2024-02-01,10760013.000000VIP Industries Ltd.,INE054A01027,VIPIND,507880,2024-02-01,True,2024-02-01,12580005.000000Vaibhav Global Ltd.,INE884A01027,VAIBHAVGBL,532156,2024-02-01,True,2024-02-01,15070050.000000Vardhman Textiles Ltd.,INE825A01020,VTL,502986,2024-02-01,True,2024-02-01,16030027.000000Varroc Engineering Ltd.,INE665L01035,VARROC,541578,2024-02-01,True,2024-02-01,10610049.000000Varun Beverages Ltd.,INE200M01021,VBL,540180,2024-02-01,True,2024-02-01,11230006.000000Vedant Fashions Ltd.,INE825V01034,MANYAVAR,543463,2024-02-01,True,2024-02-01,10780020.000000Vedanta Ltd.,INE205A01025,VEDL,500295,2024-02-01,True,2024-02-01,17020022.000000Vijaya Diagnostic Centre Ltd.,INE043W01024,VIJAYA,543350,2024-02-01,True,2024-02-01,16550197.000000Vinati Organics Ltd.,INE410B01037,VINATIORGA,524200,2024-02-01,True,2024-02-01,12070094.000000Vodafone Idea Ltd.,INE669E01016,IDEA,532822,2024-02-01,True,2024-02-01,15200008.000000Voltas Ltd.,INE226A01021,VOLTAS,500575,2024-02-01,True,2024-02-01,17010017.000000Welspun Corp Ltd.,INE191B01025,WELCORP,532144,2024-02-01,True,2024-02-01,15580090.000000Welspun Living Ltd.,INE192B01031,WELSPUNLIV,514162,2024-02-01,True,2024-02-01,12150015.000000Westlife Foodworld Ltd.,INE274F01020,WESTLIFE,505533,2024-02-01,True,2024-02-01,14090428.000000Whirlpool of India Ltd.,INE716A01013,WHIRLPOOL,500238,2024-02-01,True,2024-02-01,13180001.000000Wipro Ltd.,INE075A01022,WIPRO,507685,2024-02-01,True,2024-02-01,11060011.000000YES Bank Ltd.,INE528G01035,YESBANK,532648,2024-02-01,True,2024-02-01,14030144.000000ZF Commercial Vehicle Control Systems India Ltd.,INE342J01019,ZFCVINDIA,533023,2024-02-01,True,2024-02-01,10660012.000000Zee Entertainment Enterprises Ltd.,INE256A01028,ZEEL,505537,2024-02-01,True,2024-02-01,17020092.000000Zensar Technologies Ltd.,INE520A01027,ZENSARTECH,504067,2024-02-01,True,2024-02-01,13010004.000000Zomato Ltd.,INE758T01015,ZOMATO,543320,2024-02-01,True,2024-02-01,17040832.000000Zydus Lifesciences Ltd.,INE010B01027,ZYDUSLIFE,532321,2024-02-01,True,2024-02-01,12540403.000000Zydus Wellness Ltd.,INE768C01010,ZYDUSWELL,531335,2024-02-01,True,2024-02-01,11060041.000000eClerx Services Ltd.,INE738I01010,ECLERX,532927,2024-02-01,True,2024-02-01,13240056.000000Aditya Birla Sun Life AMC Ltd.,INE404A01024,ABSLAMC,543374,2024-02-01,True,2024-02-01,14050600.000000Akzo Nobel India Ltd.,INE133A01011,AKZOINDIA,500710,2024-02-01,True,2024-02-01,17010008.000000AstraZeneca Pharma India Ltd.,INE203A01020,ASTRAZEN,506820,2024-02-01,True,2024-02-01,12540005.000000BASF India Ltd.,INE373A01013,BASF,500042,2024-02-01,True,2024-02-01,12070002.000000Caplin Point Laboratories Ltd.,INE475E01026,CAPLIPOINT,524742,2024-02-01,True,2024-02-01,12540222.000000Esab India Ltd.,INE284A01012,ESABINDIA,500133,2024-02-01,True,2024-02-01,13580003.000000Eureka Forbes Limited,INE0KCE01017,,543482,2024-02-01,True,2024-02-01,17027869.000000Garware Technical Fibres Ltd.,INE276A01018,GARFIBRES,509557,2024-02-01,True,2024-02-01,16040010.000000Godrej Agrovet Ltd.,INE850D01014,GODREJAGRO,540743,2024-02-01,True,2024-02-01,12520018.010000Hatsun Agro Products Ltd.,INE473B01035,HATSUN,531531,2024-02-01,True,2024-02-01,11050105.000000Jindal Worldwide Ltd.,INE247D01039,JINDWORLD,531543,2024-02-01,True,2024-02-01,16610104.000000Jupiter Wagons Ltd.,INE209L01016,JWL,533272,2024-02-01,True,2024-02-01,13520348.000000Kama Holdings Ltd.,INE411F01010,,532468,2024-02-01,True,2024-02-01,12130050.000000KIOCL Ltd.,INE880L01014,KIOCL,540680,2024-02-01,True,2024-02-01,15110023.000000La Opala RG Ltd.,INE059D01020,LAOPALA,526947,2024-02-01,True,2024-02-01,14580030.000000Lloyds Metals & Energy Ltd.,INE281B01032,LLOYDSME,512455,2024-02-01,True,2024-02-01,15620013.000000Maharashtra Scooters Ltd.,INE288A01013,MAHSCOOTER,500266,2024-02-01,True,2024-02-01,10540012.000000Mas Financial Services Ltd.,INE348L01012,MASFIN,540749,2024-02-01,True,2024-02-01,14091040.000000Mishra Dhatu Nigam Ltd.,INE099Z01011,MIDHANI,541195,2024-02-01,True,2024-02-01,15520047.000000Nesco Ltd.,INE317F01035,NESCO,505355,2024-02-01,True,2024-02-01,13510022.000000Privi Speciality Chemicals Ltd.,INE959A01019,PRIVISCL,530117,2024-02-01,True,2024-02-01,11070135.000000Punjab & Sind Bank,INE608A01012,PSB,533295,2024-02-01,True,2024-02-01,14030025.000000Ramkrishna Forgings Ltd.,INE399G01023,RKFORGE,532527,2024-02-01,True,2024-02-01,13570022.000000SIS Ltd.,INE285J01028,SIS,540673,2024-02-01,True,2024-02-01,17150513.000000Star Cement Ltd.,INE460H01021,STARCEMENT,540575,2024-02-01,True,2024-02-01,11520082.000000Supreme Petrochem Ltd.,INE663A01033,SPLPETRO,500405,2024-02-01,True,2024-02-01,12130031.000000Tamilnad Mercantile Bank Ltd.,INE668A01016,TMB,543596,2024-02-01,True,2024-02-01,14030114.000000TCI Express Ltd.,INE586V01016,TCIEXP,540212,2024-02-01,True,2024-02-01,17030029.000000VST Industries Ltd.,INE710A01016,VSTIND,509966,2024-02-01,True,2024-02-01,12630004.000000Force Motors Ltd.,INE451A01017,FORCEMOT,500033,2023-12-31,True,2024-02-01,10510002.000000Tata Technologies Ltd.,INE142M01025,TATATECH,544028,2023-12-31,True,2024-02-01,10510008.020000VST Tillers Tractors Ltd.,INE764D01017,VSTTILLERS,531266,2023-12-31,True,2024-02-01,10530005.000000Atul Auto Ltd.,INE951D01028,ATULAUTO,531795,2023-12-31,True,2024-02-01,10540017.000000JTEKT India Ltd.,INE643A01035,JTEKTINDIA,520057,2023-12-31,True,2024-02-01,10560007.000000Automotive Axles Ltd.,INE449A01011,AUTOAXLES,505010,2023-12-31,True,2024-02-01,10580001.000000Rane Holdings Ltd.,INE384A01010,RANEHOLDIN,505800,2023-12-31,True,2024-02-01,10580006.000000Rane (Madras) Ltd.,INE050H01012,RML,532661,2023-12-31,True,2024-02-01,10580014.000000Wheels India Ltd.,INE715A01015,WHEELS,590073,2023-12-31,True,2024-02-01,10590002.000000Steel Strips Wheels Ltd.,INE802C01033,SSWL,513262,2023-12-31,True,2024-02-01,10590003.000000Federal-Mogul Goetze (India) Ltd.,INE529A01010,FMGOETZE,505744,2023-12-31,True,2024-02-01,10610003.000000GNA Axles Ltd.,INE934S01014,GNA,540124,2023-12-31,True,2024-02-01,10610046.000000Lumax Industries Ltd.,INE162B01018,LUMAXIND,517206,2023-12-31,True,2024-02-01,10620002.000000FIEM Industries Ltd.,INE737H01014,FIEMIND,532768,2023-12-31,True,2024-02-01,10620029.000000Subros Ltd.,INE287B01021,SUBROS,517168,2023-12-15,True,2024-02-01,10630002.000000Gabriel India Ltd.,INE524A01029,GABRIEL,505714,2023-12-31,True,2024-02-01,10640001.000000Shriram Pistons & Rings Ltd.,INE526E01018,SHRIPISTON,,2023-12-31,True,2024-02-01,10670034.000000Lumax Auto Technologies Ltd.,INE872H01027,LUMAXTECH,532796,2023-12-31,True,2024-02-01,10670065.000000Sandhar Technologies Ltd.,INE278H01035,SANDHAR,541163,2023-12-31,True,2024-02-01,10670192.000000Happy Forgings Ltd.,INE330T01021,HAPPYFORGE,544057,2023-12-31,True,2024-02-01,10670234.000000Divgi Torqtransfer Systems Ltd.,INE753U01022,DIVGIITTS,543812,2023-12-31,True,2024-02-01,10670282.000000Goodyear India Ltd.,INE533A01012,GOODYEAR,500168,2023-12-31,True,2024-02-01,10680006.000000JK Tyre & Industries Ltd.,INE573A01042,JKTYRE,530007,2023-12-31,True,2024-02-01,10680007.000000TVS Srichakra Ltd.,INE421C01016,TVSSRICHAK,509243,2023-12-31,True,2024-02-01,10680010.000000Oriental Carbon & Chemicals Ltd.,INE321D01016,OCCL,506579,2023-12-31,True,2024-02-01,10700004.000000Aditya Vision Ltd.,INE679V01019,,540205,2023-12-31,True,2024-02-01,10740002.000000ASK Automotive Ltd.,INE491J01022,ASKAUTOLTD,544022,2023-12-31,True,2024-02-01,10990013.000000Landmark Cars Ltd.,INE559R01029,LANDMARK,543714,2023-12-31,True,2024-02-01,10990106.000000Tata Coffee Ltd.,INE493A01027,,532301,2023-12-31,True,2024-02-01,11040006.000000Rossell India Ltd.,INE847C01020,ROSSELLIND,533168,2023-12-31,True,2024-02-01,11040132.000000Hindustan Foods Ltd.,INE254N01026,HNDFDS,519126,2023-12-31,True,2024-02-01,11050070.000000Heritage Foods Ltd.,INE978A01027,HERITGFOOD,519552,2023-12-31,True,2024-02-01,11050089.000000Agro Tech Foods Ltd.,INE209A01019,ATFL,500215,2023-12-31,True,2024-02-01,11070036.000000Bajaj Hindusthan Sugar Ltd.,INE306A01021,BAJAJHIND,500032,2023-12-31,True,2024-02-01,11080002.000000ISGEC Heavy Engineering Ltd.,INE858B01029,ISGEC,533033,2023-12-31,True,2024-02-01,11080017.000000Sula Vineyards Ltd.,INE142Q01026,SULA,543711,2023-12-31,True,2024-02-01,11090251.000000Tilaknagar Industries Ltd.,INE133E01013,TI,507205,2023-12-31,True,2024-02-01,11100009.000000Associated Alcohols & Breweries Ltd.,INE073G01016,ASALCBR,507526,2023-12-31,True,2024-02-01,11100015.000000Globus Spirits Ltd.,INE615I01010,GLOBUSSPR,533104,2023-12-31,True,2024-02-01,11100046.000000Manorama Industries Ltd.,INE00VM01010,MANORAMA,541974,2023-12-31,True,2024-02-01,11120194.000000Kaveri Seed Company Ltd.,INE455I01029,KSCL,532899,2023-12-31,True,2024-02-01,11140043.000000Nath Bio-Genes (India) Ltd.,INE448G01010,NATHBIOGEN,537291,2023-12-31,True,2024-02-01,11140092.000000Advanced Enzyme Technologies Ltd.,INE837H01020,ADVENZYMES,540025,2023-12-31,True,2024-02-01,11180007.000000Supriya Lifescience Ltd.,INE07RO01027,SUPRIYA,543434,2023-12-31,True,2024-02-01,11251082.000000Digidrive Distributors Ltd.,INE0PSC01024,DIGIDRIVE,544079,2023-12-31,True,2024-02-01,11251245.000000Dodla Dairy Ltd.,INE021O01019,DODLA,543306,2023-12-31,True,2024-02-01,11290075.000000Parag Milk Foods Ltd.,INE883N01014,PARAGMILK,539889,2023-12-31,True,2024-02-01,11290168.000000Prataap Snacks Ltd.,INE393P01035,DIAMONDYD,540724,2023-12-31,True,2024-02-01,11290401.000000Mrs. Bectors Food Specialities Ltd.,INE495P01012,BECTORFOOD,543253,2023-12-31,True,2024-02-01,11290574.000000Dwarikesh Sugar Industries Ltd.,INE366A01041,DWARKESH,532610,2023-12-31,True,2024-02-01,11320004.000000Dalmia Bharat Sugar and Industries Ltd.,INE495A01022,DALMIASUG,500097,2023-12-31,True,2024-02-01,11510004.000000Heidelberg Cement India Ltd.,INE578A01017,HEIDELBERG,500292,2023-12-31,True,2024-02-01,11510009.000000Shree Digvijay Cement Company Ltd.,INE232A01011,SHREDIGCEM,502180,2023-12-31,True,2024-02-01,11510017.000000Mangalam Cement Ltd.,INE347A01017,MANGLMCEM,502157,2023-12-31,True,2024-02-01,11510022.000000Orient Cement Ltd.,INE876N01018,ORIENTCEM,535754,2023-12-31,True,2024-02-01,11510100.000000Sagar Cements Ltd.,INE229C01021,SAGCEM,502090,2023-12-31,True,2024-02-01,11520009.000000Jaiprakash Associates Ltd.,INE455F01025,JPASSOCIAT,532532,2023-12-31,True,2024-02-01,11520073.000000HIL Ltd.,INE557A01011,HIL,509675,2023-12-31,True,2024-02-01,11530002.000000Indian Hume Pipe Company Ltd.,INE323C01030,INDIANHUME,504741,2023-12-31,True,2024-02-01,11530003.000000Ramco Industries Ltd.,INE614A01028,RAMCOIND,532369,2023-12-31,True,2024-02-01,11530006.000000GPT Infraprojects Ltd.,INE390G01014,GPTINFRA,533761,2023-12-31,True,2024-02-01,11530013.000000AGI Greenpac Ltd.,INE415A01038,AGI,500187,2023-12-31,True,2024-02-01,11540005.000000Somany Ceramics Ltd.,INE355A01028,SOMANYCERA,531548,2023-12-15,True,2024-02-01,11540013.000000Anant Raj Ltd.,INE242C01024,ANANTRAJ,515055,2023-12-31,True,2024-02-01,11540019.000000Hindware Home Innovation Ltd.,INE05AN01011,HINDWAREAP,542905,2023-12-31,True,2024-02-01,11540195.000000Pokarna Ltd.,INE637C01025,POKARNA,532486,2023-12-31,True,2024-02-01,11550059.000000Stylam Industries Ltd.,INE239C01020,STYLAMIND,526951,2023-12-31,True,2024-02-01,11560005.000000Greenply Industries Ltd.,INE461C01038,GREENPLY,526797,2023-12-31,True,2024-02-01,11570030.000000Greenpanel Industries Ltd.,INE08ZM01014,GREENPANEL,542857,2023-12-31,True,2024-02-01,11570100.000000ITD Cementation India Ltd.,INE686A01026,ITDCEM,509496,2023-12-31,True,2024-02-01,11600002.000000Hindustan Construction Company Ltd.,INE549A01026,HCC,500185,2023-12-31,True,2024-02-01,11600006.000000Simplex Infrastructures Ltd.,INE059B01024,SIMPLEXINF,523838,2023-12-31,True,2024-02-01,11600023.000000Ahluwalia Contracts (India) Ltd.,INE758C01029,AHLUCONT,532811,2023-12-31,True,2024-02-01,11600049.000000Welspun Enterprises Ltd.,INE625G01013,WELENT,532553,2023-12-31,True,2024-02-01,11600096.000000J Kumar Infraprojects Ltd.,INE576I01022,JKIL,532940,2023-12-31,True,2024-02-01,11600146.000000Ashoka Buildcon Ltd.,INE442H01029,ASHOKA,533271,2023-12-31,True,2024-02-01,11600156.000000Man Infraconstruction Ltd.,INE949H01023,MANINFRA,533169,2023-12-31,True,2024-02-01,11600159.000000Ashiana Housing Ltd.,INE365D01021,ASHIANA,523716,2023-12-31,True,2024-02-01,11610007.000000Indiabulls Real Estate Ltd.,INE069I01010,IBREALEST,532832,2023-12-31,True,2024-02-01,11620069.000000Kolte-Patil Developers Ltd.,INE094I01018,KOLTEPATIL,532924,2023-12-31,True,2024-02-01,11620098.000000D B Realty Ltd.,INE879I01012,DBREALTY,533160,2023-12-31,True,2024-02-01,11620116.000000Vascon Engineers Ltd.,INE893I01013,VASCONEQ,533156,2023-12-31,True,2024-02-01,11620941.000000Dilip Buildcon Ltd.,INE917M01012,DBL,540047,2023-12-31,True,2024-02-01,11621742.000000Keystone Realtors Ltd.,INE263M01029,RUSTOMJEE,543669,2023-12-31,True,2024-02-01,11622956.000000Shankara Building Products Ltd.,INE274V01019,SHANKARA,540425,2023-12-31,True,2024-02-01,11623231.000000PSP Projects Ltd.,INE488V01015,PSPPROJECT,540544,2023-12-31,True,2024-02-01,11623232.000000HG Infra Engineering Ltd.,INE926X01010,HGINFRA,541019,2023-12-31,True,2024-02-01,11623371.000000Hemisphere Properties India Ltd.,INE0AJG01018,HEMIPROP,543242,2023-12-31,True,2024-02-01,11623375.000000Suraj Estate Developers Ltd.,INE843S01025,SURAJEST,544054,2023-12-31,True,2024-02-01,11625039.000000Vishnu Prakash R Punglia Ltd.,INE0AE001013,VPRPL,543974,2023-12-31,True,2024-02-01,11625197.000000Shriram Properties Ltd.,INE217L01019,SHRIRAMPPS,543419,2023-12-31,True,2024-02-01,11625449.000000BEML Land Assets Ltd.,INE0N7W01012,BLAL,543898,2023-12-31,True,2024-02-01,11625556.000000India Glycols Ltd.,INE560A01015,INDIAGLYCO,500201,2023-12-31,True,2024-02-01,12010002.000000Thirumalai Chemicals Ltd.,INE338A01024,TIRUMALCHM,500412,2023-12-31,True,2024-02-01,12030004.000000I G Petrochemicals Ltd.,INE204A01010,IGPL,500199,2023-12-31,True,2024-02-01,12030006.000000Fineotex Chemical Ltd.,INE045J01026,FCL,533333,2023-12-31,True,2024-02-01,12060093.000000Chemcon Speciality Chemicals Ltd.,INE03YM01018,CHEMCON,543233,2023-12-31,True,2024-02-01,12060104.000000Neogen Chemicals Ltd.,INE136S01016,NEOGEN,542665,2023-12-31,True,2024-02-01,12060124.000000HP Adhesives Ltd.,INE0GSL01024,HPAL,543433,2023-12-31,True,2024-02-01,12060148.000000Oriental Aromatics Ltd.,INE959C01023,OAL,500078,2023-12-31,True,2024-02-01,12070003.000000Elantas Beck India Ltd.,INE280B01018,,500123,2023-12-31,True,2024-02-01,12070006.000000Foseco India Ltd.,INE519A01011,FOSECOIND,500150,2023-12-31,True,2024-02-01,12070037.000000Hikal Ltd.,INE475B01022,HIKAL,524735,2023-12-31,True,2024-02-01,12070070.000000Inox Wind Ltd.,INE066P01011,INOXWIND,539083,2023-12-31,True,2024-02-01,12070125.000000S H Kelkar & Company Ltd.,INE500L01026,SHK,539450,2023-12-31,True,2024-02-01,12070132.000000Valiant Organics Ltd.,INE565V01010,VALIANTORG,540145,2023-12-31,True,2024-02-01,12070170.000000Aarti Pharmalabs Ltd.,INE0LRU01027,AARTIPHARM,543748,2023-12-31,True,2024-02-01,12070186.000000Himadri Speciality Chemical Ltd.,INE019C01026,HSCL,500184,2023-12-31,True,2024-02-01,12080022.000000Vishnu Chemicals Ltd.,INE270I01022,VISHNU,516072,2023-12-31,True,2024-02-01,12080043.000000IOL Chemicals and Pharmaceuticals Ltd.,INE485C01011,IOLCP,524164,2023-12-31,True,2024-02-01,12080062.000000GHCL Ltd.,INE539A01019,GHCL,500171,2023-12-31,True,2024-02-01,12090005.000000Primo Chemicals Ltd.,INE607A01022,,506852,2023-12-31,True,2024-02-01,12090008.000000National Fertilizers Ltd.,INE870D01012,NFL,523630,2023-12-31,True,2024-02-01,12100019.000000Paradeep Phosphates Ltd.,INE088F01024,PARADEEP,543530,2023-12-31,True,2024-02-01,12100026.000000Dhanuka Agritech Ltd.,INE435G01025,DHANUKA,507717,2023-12-31,True,2024-02-01,12120003.000000Novartis India Ltd.,INE234A01025,NOVARTIND,500672,2023-12-31,True,2024-02-01,12120005.000000Bharat Rasayan Ltd.,INE838B01013,BHARATRAS,590021,2023-12-31,True,2024-02-01,12120016.000000NACL Industries Ltd.,INE295D01020,NACLIND,524709,2023-12-31,True,2024-02-01,12120024.000000Meghmani Organics Ltd.,INE0CT101020,MOL,543331,2023-12-31,True,2024-02-01,12120142.000000India Pesticides Ltd.,INE0D6701023,IPL,543311,2023-12-31,True,2024-02-01,12120143.000000Styrenix Performance Materials Ltd.,INE189B01011,STYRENIX,506222,2023-12-31,True,2024-02-01,12130001.000000Bhansali Engineering Polymers Ltd.,INE922A01025,BEPL,500052,2023-12-31,True,2024-02-01,12130003.000000NOCIL Ltd.,INE163A01018,NOCIL,500730,2023-12-31,True,2024-02-01,12130008.000000Savita Oil Technologies Ltd.,INE035D01020,SOTL,524667,2023-12-31,True,2024-02-01,12130022.000000Chennai Petroleum Corporation Ltd.,INE178A01016,CHENNPETRO,500110,2023-12-31,True,2024-02-01,12140021.000000Jindal Poly Films Ltd.,INE197D01010,JINDALPOLY,500227,2023-12-31,True,2024-02-01,12150022.000000Century Enka Ltd.,INE485A01015,CENTENKA,500280,2023-12-31,True,2024-02-01,12160002.000000Carysil Ltd.,INE482D01024,CARYSIL,524091,2023-12-31,True,2024-02-01,12200001.000000Nilkamal Ltd.,INE310A01015,NILKAMAL,523385,2023-12-31,True,2024-02-01,12200013.000000Mayur Uniquoters Ltd.,INE040D01038,MAYURUNIQ,522249,2023-12-31,True,2024-02-01,12200057.000000Mold-Tek Packaging Ltd.,INE893J01029,MOLDTKPAC,533080,2023-12-31,True,2024-02-01,12200107.000000Insecticides (India) Ltd.,INE070I01018,INSECTICID,532851,2023-12-15,True,2024-02-01,12210012.000000Cello World Ltd.,INE0LMW01024,CELLO,544012,2023-12-31,True,2024-02-01,12270256.000000Gandhar Oil Refinery (India) Ltd.,INE717W01049,GANDHAR,544029,2023-12-31,True,2024-02-01,12300045.000000Camlin Fine Sciences Ltd.,INE052I01032,CAMLINFINE,532834,2023-12-31,True,2024-02-01,12310036.000000Tatva Chintan Pharma Chem Ltd.,INE0GK401011,TATVA,543321,2023-12-31,True,2024-02-01,12310203.000000Sigachi Industries Ltd.,INE0D0K01022,SIGACHI,543389,2023-12-31,True,2024-02-01,12310645.000000Zuari Agro Chemicals Ltd.,INE840M01016,ZUARI,534742,2023-12-31,True,2024-02-01,12324327.500000Bajaj Consumer Care Ltd.,INE933K01021,BAJAJCON,533229,2023-12-31,True,2024-02-01,12520177.000000Bliss GVS Pharma Ltd.,INE416D01022,BLISSGVS,506197,2023-12-31,True,2024-02-01,12530001.000000Amrutanjan Health Care Ltd.,INE098F01031,AMRUTANJAN,590006,2023-12-31,True,2024-02-01,12540004.000000Gujarat Themis Biosyn Ltd.,INE942C01045,,506879,2023-12-31,True,2024-02-01,12540025.000000TTK Healthcare Ltd.,INE910C01018,TTKHLTCARE,507747,2023-12-31,True,2024-02-01,12540048.000000Unichem Laboratories Ltd.,INE351A01035,UNICHEMLAB,506690,2023-12-31,True,2024-02-01,12540050.000000KMC Speciality Hospitals (India) Ltd.,INE879K01018,,524520,2023-12-31,True,2024-02-01,12540074.000000Kopran Ltd.,INE082A01010,KOPRAN,524280,2023-12-31,True,2024-02-01,12540078.000000Morepen Laboratories Ltd.,INE083A01026,MOREPENLAB,500288,2023-12-31,True,2024-02-01,12540145.000000Orchid Pharma Ltd.,INE191A01027,ORCHPHARMA,524372,2023-12-31,True,2024-02-01,12540151.000000Syncom Formulation (India) Ltd.,INE312C01025,SYNCOMF,524470,2023-12-31,True,2024-02-01,12540170.000000Marksans Pharma Ltd.,INE750C01026,MARKSANS,524404,2023-12-31,True,2024-02-01,12540171.000000Hester Biosciences Ltd.,INE782E01017,HESTERBIO,524669,2023-12-31,True,2024-02-01,12540193.000000Neuland Laboratories Ltd.,INE794A01010,NEULANDLAB,524558,2023-12-31,True,2024-02-01,12540199.000000NGL Fine - Chem Ltd.,INE887E01022,NGLFINE,524774,2023-12-31,True,2024-02-01,12540229.000000Suven Life Sciences Ltd.,INE495B01038,SUVEN,530239,2023-12-31,True,2024-02-01,12540250.000000Themis Medicare Ltd.,INE083B01024,THEMISMED,530199,2023-12-31,True,2024-02-01,12540269.000000Shilpa Medicare Ltd.,INE790G01031,SHILPAMED,530549,2023-12-31,True,2024-02-01,12540270.000000Medicamen Biotech Ltd.,INE646B01010,MEDICAMEQ,531146,2023-12-31,True,2024-02-01,12540292.000000Panacea Biotec Ltd.,INE922B01023,PANACEABIO,531349,2023-12-31,True,2024-02-01,12540303.000000Lincoln Pharmaceuticals Ltd.,INE405C01035,LINCOLN,531633,2023-12-31,True,2024-02-01,12540326.000000Jagsonpal Pharmaceuticals Ltd.,INE048B01027,JAGSNPHARM,507789,2023-12-31,True,2024-02-01,12540382.000000Wockhardt Ltd.,INE049B01025,WOCKPHARMA,532300,2023-12-31,True,2024-02-01,12540405.000000Indoco Remedies Ltd.,INE873D01024,INDOCO,532612,2023-12-31,True,2024-02-01,12540545.000000SMS Pharmaceuticals Ltd.,INE812G01025,SMSPHARMA,532815,2023-12-31,True,2024-02-01,12540635.000000Astec Lifesciences Ltd.,INE563J01010,ASTEC,533138,2023-12-31,True,2024-02-01,12540651.000000RPG Life Sciences Ltd.,INE105J01010,RPGLIFE,532983,2023-12-31,True,2024-02-01,12540671.000000Artemis Medicare Services Ltd.,INE025R01021,ARTEMISMED,542919,2023-12-31,True,2024-02-01,12540802.000000Brooks Laboratories Ltd.,INE650L01011,BROOKS,533543,2023-12-31,True,2024-02-01,12540990.000000Bajaj Healthcare Ltd.,INE411U01027,BAJAJHCARE,539872,2023-12-31,True,2024-02-01,12541231.000000Solara Active Pharma Sciences Ltd.,INE624Z01016,SOLARA,541540,2023-12-31,True,2024-02-01,12541558.000000Windlas Biotech Ltd.,INE0H5O01029,WINDLAS,543329,2023-12-31,True,2024-02-01,12541652.000000Innova Captab Ltd.,INE0DUT01020,INNOVACAP,544067,2023-12-31,True,2024-02-01,12541767.000000Hawkins Cookers Ltd.,INE979B01015,,508486,2023-12-31,True,2024-02-01,12570002.000000Ethos Ltd.,INE04TZ01018,ETHOSLTD,543532,2023-12-31,True,2024-02-01,12600015.000000Harsha Engineers International Ltd.,INE0JUS01029,HARSHA,543600,2023-12-31,True,2024-02-01,12680045.000000Stove Kraft Ltd.,INE00IN01015,STOVEKRAFT,543260,2023-12-31,True,2024-02-01,12680060.000000Bajel Projects Ltd.,INE0KQN01018,BAJEL,544042,2023-12-31,True,2024-02-01,12680073.000000NIIT Ltd.,INE161A01038,NIITLTD,500304,2023-12-31,True,2024-02-01,13020009.000000Onward Technologies Ltd.,INE229A01017,ONWARDTEC,517536,2023-12-31,True,2024-02-01,13020028.000000Nucleus Software Exports Ltd.,INE096B01018,NUCLEUS,531209,2023-12-31,True,2024-02-01,13020046.000000Accelya Solutions India Ltd.,INE793A01012,ACCELYA,532268,2023-12-31,True,2024-02-01,13020092.000000Subex Ltd.,INE754A01055,SUBEXLTD,532348,2023-12-31,True,2024-02-01,13020096.000000Avalon Technologies Ltd.,INE0LCL01028,AVALON,543896,2023-12-31,True,2024-02-01,13050025.000000Butterfly Gandhimathi Appliances Ltd.,INE295F01017,BUTTERFLY,517421,2023-12-31,True,2024-02-01,13090009.000000Electronics Mart India Ltd.,INE02YR01019,EMIL,543626,2023-12-31,True,2024-02-01,13090141.000000Centum Electronics Ltd.,INE320B01020,CENTUM,517544,2023-12-31,True,2024-02-01,13110033.000000Astra Microwave Products Ltd.,INE386C01029,ASTRAMICRO,532493,2023-12-31,True,2024-02-01,13110035.000000Genus Power Infrastructures Ltd.,INE955D01029,GENUSPOWER,530343,2023-12-31,True,2024-02-01,13110038.000000PG Electroplast Ltd.,INE457L01011,PGEL,533581,2023-12-31,True,2024-02-01,13110121.000000Schneider Electric Infrastructure Ltd.,INE839M01018,SCHNEIDER,534139,2023-12-31,True,2024-02-01,13110124.000000Elin Electronics Ltd.,INE050401020,ELIN,543725,2023-12-31,True,2024-02-01,13110153.000000Cyient DLM Ltd.,INE055S01018,CYIENTDLM,543933,2023-12-31,True,2024-02-01,13110247.000000DCX Systems Ltd.,INE0KL801015,DCXINDIA,543650,2023-12-31,True,2024-02-01,13110321.000000Honda India Power Products Ltd.,INE634A01018,HONDAPOWER,522064,2023-12-31,True,2024-02-01,13120003.000000Igarashi Motors India Ltd.,INE188B01013,IGARASHI,517380,2023-12-31,True,2024-02-01,13120004.000000TD Power Systems Ltd.,INE419M01027,TDPOWERSYS,533553,2023-12-31,True,2024-02-01,13120108.000000GE T&D India Ltd.,INE200A01026,GET&D,522275,2023-12-31,True,2024-02-01,13130005.000000Bharat Bijlee Ltd.,INE464A01028,BBL,503960,2023-12-31,True,2024-02-01,13140001.000000Shilchar Technologies Ltd.,INE024F01011,,531201,2023-12-31,True,2024-02-01,13140017.000000HBL Power Systems Ltd.,INE292B01021,HBLPOWER,517271,2023-12-31,True,2024-02-01,13150013.000000Rishabh Instruments Ltd.,INE0N2P01017,RISHABH,543977,2023-12-31,True,2024-02-01,13150197.000000IKIO Lighting Ltd.,INE0LOJ01019,IKIO,543923,2023-12-31,True,2024-02-01,13150335.000000Tarsons Products Ltd.,INE144Z01023,TARSONS,543399,2023-12-31,True,2024-02-01,13160090.000000Johnson Controls-Hitachi Air Conditioning India Ltd.,INE782A01015,JCHAC,523398,2023-12-31,True,2024-02-01,13180004.000000Ramco Systems Ltd.,INE246B01019,RAMCOSYS,532370,2023-12-31,True,2024-02-01,13190066.000000Datamatics Global Services Ltd.,INE365B01017,DATAMATICS,532528,2023-12-31,True,2024-02-01,13190069.000000AXISCADES Technologies Ltd.,INE555B01013,AXISCADES,532395,2023-12-31,True,2024-02-01,13190107.000000Newgen Software Technologies Ltd.,INE619B01017,NEWGEN,540900,2023-12-31,True,2024-02-01,13190138.000000Cigniti Technologies Ltd.,INE675C01017,CIGNITITEC,534758,2023-12-31,True,2024-02-01,13190144.000000Zen Technologies Ltd.,INE251B01027,ZENTEC,533339,2023-12-31,True,2024-02-01,13190158.000000Sasken Technologies Ltd.,INE231F01020,SASKEN,532663,2023-12-31,True,2024-02-01,13190210.000000Saksoft Ltd.,INE667G01023,SAKSOFT,590051,2023-12-31,True,2024-02-01,13190758.000000Expleo Solutions Ltd.,INE201K01015,EXPLEOSOL,533121,2023-12-31,True,2024-02-01,13191377.000000Xelpmoc Design and Tech Ltd.,INE01P501012,XELPMOC,542367,2023-12-31,True,2024-02-01,13192671.000000RateGain Travel Technologies Ltd.,INE0CLI01024,RATEGAIN,543417,2023-12-31,True,2024-02-01,13192894.000000NIIT Learning Systems Ltd.,INE342G01023,NIITMTS,543952,2023-12-31,True,2024-02-01,13193022.000000Netweb Technologies India Ltd.,INE0NT901020,NETWEB,543945,2023-12-31,True,2024-02-01,13193037.000000Protean eGov Technologies Ltd.,INE004A01022,,544021,2023-12-31,True,2024-02-01,13193062.000000Tracxn Technologies Ltd.,INE0HMF01019,TRACXN,543638,2023-12-31,True,2024-02-01,13230014.000000Hinduja Global Solutions Ltd.,INE170I01016,HGS,532859,2023-12-31,True,2024-02-01,13240039.000000Elecon Engineering Company Ltd.,INE205B01023,ELECON,505700,2023-12-31,True,2024-02-01,13510004.000000Action Construction Equipment Ltd.,INE731H01025,ACE,532762,2023-12-31,True,2024-02-01,13510065.000000Titagarh Rail Systems Ltd.,INE615H01020,TITAGARH,532966,2023-12-31,True,2024-02-01,13510068.000000Texmaco Rail & Engineering Ltd.,INE621L01012,TEXRAIL,533326,2023-12-31,True,2024-02-01,13510097.000000The Anup Engineering Ltd.,INE294Z01018,ANUP,542460,2023-12-31,True,2024-02-01,13510160.000000ideaForge Technology Ltd.,INE349Y01013,IDEAFORGE,543932,2023-12-31,True,2024-02-01,13510369.000000IFB Industries Ltd.,INE559A01017,IFBIND,505726,2023-12-31,True,2024-02-01,13520011.000000Shanthi Gears Ltd.,INE631A01022,SHANTIGEAR,522034,2023-12-31,True,2024-02-01,13520017.000000TVS Holdings Ltd.,INE105A01035,TVSHLTD,520056,2023-12-31,True,2024-02-01,13520019.000000LG Balakrishnan & Bros Ltd.,INE337A01034,LGBBROSLTD,500250,2023-12-31,True,2024-02-01,13520033.000000Sanghvi Movers Ltd.,INE989A01024,SANGHVIMOV,530073,2023-12-31,True,2024-02-01,13520113.000000Pitti Engineering Ltd.,INE450D01021,PITTIENG,513519,2023-12-31,True,2024-02-01,13520114.000000Paras Defence and Space Technologies Ltd.,INE045601015,PARAS,543367,2023-12-31,True,2024-02-01,13520475.000000Jash Engineering Ltd.,INE039O01011,JASH,,2023-12-31,True,2024-02-01,13520534.000000Sansera Engineering Ltd.,INE953O01021,SANSERA,543358,2023-12-31,True,2024-02-01,13520586.000000Power Mech Projects Ltd.,INE211R01019,POWERMECH,539302,2023-12-31,True,2024-02-01,13520778.000000Azad Engineering Ltd.,INE02IJ01035,AZAD,544061,2023-12-31,True,2024-02-01,13521175.000000Greaves Cotton Ltd.,INE224A01026,GREAVESCOT,501455,2023-12-31,True,2024-02-01,13540001.000000Swaraj Engines Ltd.,INE277A01016,SWARAJENG,500407,2023-12-15,True,2024-02-01,13540006.000000Kirloskar Oil Engines Ltd.,INE146L01010,KIRLOSENG,533293,2023-12-31,True,2024-02-01,13540020.000000Tide Water Oil Company India Ltd.,INE484C01030,TIDEWATER,590005,2023-12-31,True,2024-02-01,13550006.000000Gulf Oil Lubricants India Ltd.,INE635Q01029,GULFOILLUB,538567,2023-12-31,True,2024-02-01,13550044.000000Disa India Ltd.,INE131C01011,,500068,2023-12-31,True,2024-02-01,13560001.000000Electrosteel Castings Ltd.,INE086A01029,ELECTCAST,500128,2023-12-31,True,2024-02-01,13560002.000000M M Forgings Ltd.,INE227C01017,MMFL,522241,2023-12-31,True,2024-02-01,13560065.000000PTC Industries Ltd.,INE596F01018,PTCIL,539006,2023-12-31,True,2024-02-01,13560076.000000Alicon Castalloy Ltd.,INE062D01024,ALICON,531147,2023-12-31,True,2024-02-01,13560079.000000Rolex Rings Ltd.,INE645S01016,ROLEXRINGS,543325,2023-12-31,True,2024-02-01,13570109.000000Uniparts India Ltd.,INE244O01017,UNIPARTS,543689,2023-12-31,True,2024-02-01,13570120.000000Ador Welding Ltd.,INE045A01017,ADORWELD,517041,2023-12-31,True,2024-02-01,13580001.000000Kirloskar Brothers Ltd.,INE732A01036,KIRLOSBROS,500241,2023-12-31,True,2024-02-01,13600003.000000WPIL Ltd.,INE765D01014,,505872,2023-12-31,True,2024-02-01,13600004.000000Dynamatic Technologies Ltd.,INE221B01012,DYNAMATECH,505242,2023-12-31,True,2024-02-01,13610004.000000Kirloskar Pneumatic Company Ltd.,INE811A01020,KIRLPNU,505283,2023-12-31,True,2024-02-01,13610009.000000Kennametal India Ltd.,INE717A01029,KENNAMET,505890,2023-12-31,True,2024-02-01,13620012.000000Wendt (India) Ltd.,INE274C01019,WENDT,505412,2023-12-31,True,2024-02-01,13620015.000000Ion Exchange (India) Ltd.,INE570A01022,IONEXCHANG,500214,2023-12-31,True,2024-02-01,13630002.000000Choice International Ltd.,INE102B01014,CHOICEIN,531358,2023-12-31,True,2024-02-01,14010085.000000Responsive Industries Ltd.,INE688D01026,RESPONIND,505509,2023-12-31,True,2024-02-01,14010233.000000Sequent Scientific Ltd.,INE807F01027,SEQUENT,512529,2023-12-31,True,2024-02-01,14010276.000000Fedbank Financial Services Ltd.,INE007N01010,FEDFINA,544027,2023-12-31,True,2024-02-01,14010385.000000ICRA Ltd.,INE725G01011,ICRA,532835,2023-12-31,True,2024-02-01,14010386.000000Aditya Birla Money Ltd.,INE865C01022,BIRLAMONEY,532974,2023-12-31,True,2024-02-01,14010479.000000Dhani Services Ltd.,INE274G01010,DHANI,532960,2023-12-31,True,2024-02-01,14010497.000000Edelweiss Financial Services Ltd.,INE532F01054,EDELWEISS,532922,2023-12-31,True,2024-02-01,14010601.000000Religare Enterprises Ltd.,INE621H01010,RELIGARE,532915,2023-12-31,True,2024-02-01,14010630.000000PTC India Financial Services Ltd.,INE560K01014,PFS,533344,2023-12-31,True,2024-02-01,14010634.0000005Paisa Capital Ltd.,INE618L01018,5PAISA,540776,2023-12-31,True,2024-02-01,14010689.000000Spandana Sphoorty Financial Ltd.,INE572J01011,SPANDANA,542759,2023-12-31,True,2024-02-01,14011027.000000Ujjivan Financial Services Ltd.,INE334L01012,UJJIVAN,539874,2023-12-31,True,2024-02-01,14011114.000000Sastasundar Ventures Ltd.,INE019J01013,SASTASUNDR,533259,2023-12-31,True,2024-02-01,14011115.000000Karnataka Bank Ltd.,INE614B01018,KTKBANK,532652,2023-12-31,True,2024-02-01,14030036.000000South Indian Bank Ltd.,INE683A01023,SOUTHBANK,532218,2023-12-31,True,2024-02-01,14030046.000000Jammu & Kashmir Bank Ltd.,INE168A01041,J&KBANK,532209,2023-12-31,True,2024-02-01,14030069.000000DCB Bank Ltd.,INE503A01015,DCBBANK,532772,2023-12-31,True,2024-02-01,14030104.000000IFCI Ltd.,INE039A01010,IFCI,500106,2023-12-31,True,2024-02-01,14040003.000000Indian Renewable Energy Development Agency Ltd.,INE202E01016,IREDA,544026,2023-12-31,True,2024-02-01,14040027.000000Sundaram Finance Holdings Ltd.,INE202Z01029,SUNDARMHLD,,2023-12-31,True,2024-02-01,14060001.030000Optiemus Infracom Ltd.,INE350C01017,OPTIEMUS,530135,2023-12-31,True,2024-02-01,14060224.000000Arman Financial Services Ltd.,INE109C01017,ARMANFIN,531179,2023-12-31,True,2024-02-01,14060338.000000Paisalo Digital Ltd.,INE420C01059,PAISALO,532900,2023-12-31,True,2024-02-01,14060475.000000Satin Creditcare Network Ltd.,INE836B01017,SATIN,539404,2023-12-31,True,2024-02-01,14060507.000000Best Agrolife Ltd.,INE052T01013,BESTAGRO,539660,2023-12-31,True,2024-02-01,14060540.000000Ganesh Housing Corporation Ltd.,INE460C01014,GANESHHOUC,526367,2023-12-31,True,2024-02-01,14080010.000000GIC Housing Finance Ltd.,INE289B01019,GICHSGFIN,511676,2023-12-31,True,2024-02-01,14080020.000000Repco Home Finance Ltd.,INE612J01015,REPCOHOME,535322,2023-12-31,True,2024-02-01,14080146.000000Gufic BioSciences Ltd.,INE742B01025,GUFICBIO,509079,2023-12-31,True,2024-02-01,14090030.000000Apollo Pipes Ltd.,INE126J01016,APOLLOPIPE,531761,2023-12-31,True,2024-02-01,14090239.000000Jio Financial Services Ltd.,INE758E01017,JIOFIN,543940,2023-12-31,True,2024-02-01,14090813.000000India Shelter Finance Corporation Ltd.,INE922K01024,INDIASHLTR,544044,2023-12-31,True,2024-02-01,14091143.000000Suryoday Small Finance Bank Ltd.,INE428Q01011,SURYODAY,543279,2023-12-31,True,2024-02-01,14091655.000000IRB InvIT Fund,INE183W23014,IRBINVIT,540526,2023-12-31,True,2024-02-01,14094822.000000Share India Securities Ltd.,INE932X01018,SHAREINDIA,540725,2023-12-31,True,2024-02-01,14094873.000000Indostar Capital Finance Ltd.,INE896L01010,INDOSTAR,541336,2023-12-31,True,2024-02-01,14094914.000000Embassy Office Parks REIT,INE041025011,EMBASSY,542602,2023-12-15,True,2024-02-01,14094977.000000India Infrastructure Trust,INE05KD23015,,542543,2023-12-15,True,2024-02-01,14094980.000000Utkarsh Small Finance Bank Ltd.,INE735W01017,UTKARSHBNK,543942,2023-12-31,True,2024-02-01,14095259.000000Fusion Micro Finance Ltd.,INE139R01012,FUSION,543652,2023-12-31,True,2024-02-01,14095338.000000Fino Payments Bank Ltd.,INE02NC01014,FINOPB,543386,2023-12-31,True,2024-02-01,14095395.000000Anand Rathi Wealth Ltd.,INE463V01026,ANANDRATHI,543415,2023-12-31,True,2024-02-01,14095422.000000Prudent Corporate Advisory Services Ltd.,INE00F201020,PRUDENT,543527,2023-12-31,True,2024-02-01,14095481.000000Nexus Select Trust REIT,INE0NDH25011,NXST,543913,2023-12-31,True,2024-02-01,14095554.000000SBFC Finance Ltd.,INE423Y01016,SBFC,543959,2023-12-31,True,2024-02-01,14095569.000000NRB Bearings Ltd.,INE349A01021,NRBBEARING,530367,2023-12-31,True,2024-02-01,14510021.000000NAVA Ltd.,INE725A01022,NAVA,513023,2023-12-31,True,2024-02-01,14520017.000000Maithan Alloys Ltd.,INE683C01011,MAITHANALL,590078,2023-12-31,True,2024-02-01,14520022.000000Eveready Industries India Ltd.,INE128A01029,EVEREADY,531508,2023-12-31,True,2024-02-01,14530003.000000GKW Ltd.,INE528A01020,GKWLIMITED,504704,2023-12-31,True,2024-02-01,14540001.000000Sundaram-Clayton Ltd.,INE0Q3R01026,SUNCLAY,544066,2023-12-31,True,2024-02-01,14540038.000000Vesuvius India Ltd.,INE386A01015,VESUVIUS,520113,2023-12-31,True,2024-02-01,14550014.000000Sterling Tools Ltd.,INE334A01023,STERTOOLS,530759,2023-12-31,True,2024-02-01,14550018.000000GFL Ltd.,INE538A01037,GFLLIMITED,500173,2023-12-31,True,2024-02-01,14560002.000000Inox India Ltd.,INE616N01034,INOXINDIA,544046,2023-12-31,True,2024-02-01,14560021.010000Confidence Petroleum India Ltd.,INE552D01024,CONFIPET,526829,2023-12-31,True,2024-02-01,14560025.000000Borosil Ltd.,INE02PY01013,BOROLTD,543212,2023-12-31,True,2024-02-01,14580080.000000Cosmo First Ltd.,INE757A01017,COSMOFIRST,508814,2023-12-31,True,2024-02-01,14590004.000000Uflex Ltd.,INE516A01017,UFLEX,500148,2023-12-31,True,2024-02-01,14590006.000000Garware Hi-Tech Films Ltd.,INE291A01017,GRWRHITECH,500655,2023-12-31,True,2024-02-01,14590007.000000Huhtamaki India Ltd.,INE275B01026,HUHTAMAKI,509820,2023-12-31,True,2024-02-01,14590014.000000Jai Corp Ltd.,INE070D01027,JAICORPLTD,512237,2023-12-31,True,2024-02-01,14590090.000000Balmer Lawrie & Company Ltd.,INE164A01016,BALMLAWRIE,523319,2023-12-31,True,2024-02-01,14600021.000000Apcotex Industries Ltd.,INE116A01032,APCOTEXIND,523694,2023-12-31,True,2024-02-01,14610013.000000Pix Transmissions Ltd.,INE751B01018,PIXTRANS,500333,2023-12-31,True,2024-02-01,14610023.000000Tega Industries Ltd.,INE011K01018,TEGA,543413,2023-12-31,True,2024-02-01,14610092.000000Universal Cables Ltd.,INE279A01012,UNIVCABLES,504212,2023-12-31,True,2024-02-01,15050009.000000R R Kabel Ltd.,INE777K01022,RRKABEL,543981,2023-12-31,True,2024-02-01,15050085.000000Vindhya Telelinks Ltd.,INE707A01012,VINDHYATEL,517015,2023-12-31,True,2024-02-01,15060007.000000Shukra Jewellery Ltd.,INE344E01016,,523790,2023-12-31,True,2024-02-01,15070017.000000Thangamayil Jewellery Ltd.,INE085J01014,THANGAMAYL,533158,2023-12-15,True,2024-02-01,15070160.000000Senco Gold Ltd.,INE602W01019,SENCO,543936,2023-12-15,True,2024-02-01,15070579.000000GOCL Corporation Ltd.,INE077F01035,GOCLCORP,506480,2023-12-31,True,2024-02-01,15080002.000000Premier Explosives Ltd.,INE863B01011,PREMEXPLN,526247,2023-12-31,True,2024-02-01,15080008.000000Sandur Manganese & Iron Ores Ltd.,INE149K01016,SANDUMA,504918,2023-12-31,True,2024-02-01,15100024.000000Gujarat Mineral Development Corporation Ltd.,INE131A01031,GMDCLTD,532181,2023-12-31,True,2024-02-01,15110037.000000MOIL Ltd.,INE490G01020,MOIL,533286,2023-12-31,True,2024-02-01,15110040.000000The Orissa Minerals Development Company Ltd.,INE725E01024,ORISSAMINE,590086,2023-12-31,True,2024-02-01,15110056.000000Jindal Drilling & Industries Ltd.,INE742C01031,JINDRILL,511034,2023-12-31,True,2024-02-01,15120003.000000Reliance Infrastructure Ltd.,INE036A01016,RELINFRA,500390,2023-12-31,True,2024-02-01,15130003.000000Gujarat Industries Power Company Ltd.,INE162A01010,GIPCL,517300,2023-12-31,True,2024-02-01,15130009.000000Reliance Power Ltd.,INE614G01033,RPOWER,532939,2023-12-31,True,2024-02-01,15130035.000000PTC India Ltd.,INE877F01012,PTC,532524,2023-12-31,True,2024-02-01,15130047.000000Jaiprakash Power Ventures Ltd.,INE351F01018,JPPOWER,532627,2023-12-31,True,2024-02-01,15130060.000000RattanIndia Power Ltd.,INE399K01017,RTNPOWER,533122,2023-12-31,True,2024-02-01,15130185.000000KPI Green Energy Ltd.,INE542W01017,KPIGREEN,542323,2023-12-31,True,2024-02-01,15130846.000000Inox Wind Energy Ltd.,INE0FLR01028,IWEL,543297,2023-12-31,True,2024-02-01,15131058.000000Mahanagar Telephone Nigam Ltd.,INE153A01019,MTNL,500108,2023-12-15,True,2024-02-01,15140011.000000GE Power India Ltd.,INE878A01011,GEPIL,532309,2023-12-31,True,2024-02-01,15150010.000000Voltamp Transformers Ltd.,INE540H01012,VOLTAMP,532757,2023-12-31,True,2024-02-01,15150025.000000India Grid Trust,INE219X23014,INDIGRID,540565,2023-12-15,True,2024-02-01,15150124.000000RailTel Corporation of India Ltd.,INE0DD101019,RAILTEL,543265,2023-12-31,True,2024-02-01,15200031.000000Sadbhav Engineering Ltd.,INE226H01026,SADBHAV,532710,2023-12-31,True,2024-02-01,15210023.000000Ramky Infrastructure Ltd.,INE874I01013,RAMKY,533262,2023-12-31,True,2024-02-01,15210030.000000Sadbhav Infrastructure Project Ltd.,INE764L01010,SADBHIN,539346,2023-12-31,True,2024-02-01,15210280.000000Arvind SmartSpaces Ltd.,INE034S01021,ARVSMART,539301,2023-12-31,True,2024-02-01,15210337.000000MEP Infrastructure Developers Ltd.,INE776I01010,MEP,539126,2023-12-31,True,2024-02-01,15210578.000000SJS Enterprises Ltd.,INE284S01014,SJS,543387,2023-12-31,True,2024-02-01,15210842.000000Vardhman Special Steels Ltd.,INE050M01012,VSSL,534392,2023-12-31,True,2024-02-01,15510147.000000Lloyds Engineering Works Ltd.,INE093R01011,LLOYDSENGG,539992,2023-12-31,True,2024-02-01,15510582.000000Mukand Ltd.,INE304A01026,MUKANDLTD,500460,2023-12-31,True,2024-02-01,15520004.000000Sunflag Iron & Steel Company Ltd.,INE947A01014,SUNFLAG,500404,2023-12-31,True,2024-02-01,15520008.000000Tinplate Company of India Ltd.,INE422C01014,TINPLATE,504966,2023-12-31,True,2024-02-01,15550005.000000Maharashtra Seamless Ltd.,INE271B01025,MAHSEAMLES,500265,2023-12-31,True,2024-02-01,15570003.000000Surya Roshni Ltd.,INE335A01020,SURYAROSNI,500336,2023-12-31,True,2024-02-01,15580010.000000Rajratan Global Wire Ltd.,INE451D01029,RAJRATAN,517522,2023-12-31,True,2024-02-01,15580066.000000Rama Steel Tubes Ltd.,INE230R01035,RAMASTEEL,539309,2023-12-31,True,2024-02-01,15580093.000000JTL Industries Ltd.,INE391J01024,JTLIND,534600,2023-12-31,True,2024-02-01,15580122.000000Hi-Tech Pipes Ltd.,INE106T01025,HITECH,543411,2023-12-31,True,2024-02-01,15580141.000000Venus Pipes & Tubes Ltd.,INE0JA001018,VENUSPIPES,543528,2023-12-31,True,2024-02-01,15580185.000000Kalyani Steels Ltd.,INE907A01026,KSL,500235,2023-12-31,True,2024-02-01,15600003.000000Indian Metals & Ferro Alloys Ltd.,INE919H01018,IMFA,533047,2023-12-31,True,2024-02-01,15620001.000000Kirloskar Ferrous Industries Ltd.,INE884B01025,KIRLFER,500245,2023-12-31,True,2024-02-01,15620002.000000Tata Metaliks Ltd.,INE056C01010,TATAMETALI,513434,2023-12-31,True,2024-02-01,15620008.000000Sarda Energy & Minerals Ltd.,INE385C01021,SARDAEN,504614,2023-12-31,True,2024-02-01,15620015.000000Shivalik Bimetal Controls Ltd.,INE386D01027,SBCL,513097,2023-12-31,True,2024-02-01,15620016.000000Kamdhenu Ltd.,INE390H01012,KAMDHENU,532741,2023-12-31,True,2024-02-01,15630005.000000Arvind Ltd.,INE034A01011,ARVIND,500101,2023-12-31,True,2024-02-01,16010001.000000Bombay Dyeing & Manufacturing Company Ltd.,INE032A01023,BOMDYEING,500020,2023-12-31,True,2024-02-01,16010003.000000Ganesha Ecosphere Ltd.,INE845D01014,GANECOS,514167,2023-12-31,True,2024-02-01,16020019.000000Rajapalayam Mills Ltd.,INE296E01026,,532503,2023-12-31,True,2024-02-01,16030002.000000Indo Count Industries Ltd.,INE483B01026,ICIL,521016,2023-12-31,True,2024-02-01,16030008.000000Ambika Cotton Mills Ltd.,INE540G01014,AMBIKCO,531978,2023-12-31,True,2024-02-01,16030178.000000Siyaram Silk Mills Ltd.,INE076B01028,SIYSIL,503811,2023-12-31,True,2024-02-01,16040024.000000Himatsingka Seide Ltd.,INE049A01027,HIMATSEIDE,514043,2023-12-15,True,2024-02-01,16050003.000000Sai Silks (Kalamandir) Ltd.,INE438K01021,KALAMANDIR,543989,2023-12-31,True,2024-02-01,16050061.000000Arvind Fashions Ltd.,INE955V01021,ARVINDFASN,542484,2023-12-31,True,2024-02-01,16070063.000000Gokaldas Exports Ltd.,INE887G01027,GOKEX,532630,2023-12-31,True,2024-02-01,16070075.000000Kewal Kiran Clothing Ltd.,INE401H01017,KKCL,532732,2023-12-31,True,2024-02-01,16070083.000000S P Apparels Ltd.,INE212I01016,SPAL,540048,2023-12-31,True,2024-02-01,16070220.000000Nahar Spinning Mills Ltd.,INE290A01027,NAHARSPING,500296,2023-12-31,True,2024-02-01,16080002.000000Rupa & Company Ltd.,INE895B01021,RUPA,533552,2023-12-31,True,2024-02-01,16080043.000000Dollar Industries Ltd.,INE325C01035,DOLLAR,541403,2023-12-31,True,2024-02-01,16080078.000000Heubach Colorants India Ltd.,INE492A01029,HEUBACHIND,506390,2023-12-31,True,2024-02-01,16090007.000000Sudarshan Chemical Industries Ltd.,INE659A01023,SUDARSCHEM,506655,2023-12-31,True,2024-02-01,16090011.000000Kiri Industries Ltd.,INE415I01015,KIRIINDUS,532967,2023-12-31,True,2024-02-01,16090072.000000Ami Organics Ltd.,INE00FF01017,AMIORG,543349,2023-12-31,True,2024-02-01,16090108.000000Nitin Spinners Ltd.,INE229H01012,NITINSPIN,532698,2023-12-31,True,2024-02-01,16490210.000000PDS Ltd.,INE111Q01021,PDSL,538730,2023-12-31,True,2024-02-01,16490453.000000TCNS Clothing Co. Ltd.,INE778U01029,TCNSBRANDS,541700,2023-12-31,True,2024-02-01,16490518.000000GHCL Textiles Ltd.,INE0PA801013,GHCLTEXTIL,543918,2023-12-31,True,2024-02-01,16491082.000000Khadim India Ltd.,INE834I01025,KHADIM,540775,2023-12-31,True,2024-02-01,16510037.000000Redtape Ltd.,INE0LXT01019,REDTAPE,543957,2023-12-31,True,2024-02-01,16510164.000000Andhra Paper Ltd.,INE435A01028,ANDHRAPAP,502330,2023-12-31,True,2024-02-01,16530001.000000Orient Paper & Industries Ltd.,INE592A01026,ORIENTPPR,502420,2023-12-31,True,2024-02-01,16530009.000000West Coast Paper Mills Ltd.,INE976A01021,WSTCSTPAPR,500444,2023-12-31,True,2024-02-01,16530021.000000Tamil Nadu Newsprint And Papers Ltd.,INE107A01015,TNPL,531426,2023-12-31,True,2024-02-01,16530078.000000Emami Paper Mills Ltd.,INE830C01026,EMAMIPAP,533208,2023-12-31,True,2024-02-01,16530114.000000Venky's (India) Ltd.,INE398A01010,VENKEYS,523261,2023-12-31,True,2024-02-01,16540002.000000Kovai Medical Center and Hospital Ltd.,INE177F01017,KOVAI,523323,2023-12-31,True,2024-02-01,16550003.000000Indraprastha Medical Corporation Ltd.,INE681B01017,INDRAMEDCO,532150,2023-12-31,True,2024-02-01,16550035.000000Barbeque-Nation Hospitality Ltd.,INE382M01027,BARBEQUE,543283,2023-12-15,True,2024-02-01,16550096.000000Jupiter Life Line Hospitals Ltd.,INE682M01012,JLHL,543980,2023-12-31,True,2024-02-01,16550184.000000Healthcare Global Enterprises Ltd.,INE075I01017,HCG,539787,2023-12-31,True,2024-02-01,16550204.000000Yatharth Hospital & Trauma Care Services Ltd.,INE0JO301016,YATHARTH,543950,2023-12-31,True,2024-02-01,16550285.000000Thyrocare Technologies Ltd.,INE594H01019,THYROCARE,539871,2023-12-31,True,2024-02-01,16550390.000000Shalby Ltd.,INE597J01018,SHALBY,540797,2023-12-31,True,2024-02-01,16550439.000000Krsnaa Diagnostics Ltd.,INE08LI01020,KRSNAA,543328,2023-12-31,True,2024-02-01,16550609.000000Oriental Hotels Ltd.,INE750A01020,ORIENTHOT,500314,2023-12-31,True,2024-02-01,16560008.000000Shipping Corporation of India Ltd.,INE109A01011,SCI,523598,2023-12-31,True,2024-02-01,16580017.000000Seamec Ltd.,INE497B01018,SEAMECLTD,526807,2023-12-31,True,2024-02-01,16580018.000000Transport Corporation of India Ltd.,INE688A01022,TCI,532349,2023-12-31,True,2024-02-01,16590001.000000Allcargo Gati Ltd.,INE152B01027,GATI,532345,2023-12-31,True,2024-02-01,16590029.000000Bajaj Electricals Ltd.,INE193E01025,BAJAJELEC,500031,2023-12-31,True,2024-02-01,16610002.000000Thomas Cook (India) Ltd.,INE332A01027,THOMASCOOK,500413,2023-12-31,True,2024-02-01,16610005.000000Shaily Engineering Plastics Ltd.,INE151G01028,SHAILY,501423,2023-12-31,True,2024-02-01,16610014.000000MSTC Ltd.,INE255X01014,MSTCLTD,542597,2023-12-31,True,2024-02-01,16610125.000000Galaxy Cloud Kitchens Ltd.,INE403B01016,,506186,2023-12-31,True,2024-02-01,16610211.000000Taj GVK Hotels & Resorts Ltd.,INE586B01026,TAJGVK,532390,2023-12-31,True,2024-02-01,16620007.000000Samhi Hotels Ltd.,INE08U801020,SAMHI,543984,2023-12-15,True,2024-02-01,16620676.000000Garden Reach Shipbuilders & Engineers Ltd.,INE382Z01011,GRSE,542011,2023-12-31,True,2024-02-01,16680001.000000Gateway Distriparks Ltd.,INE079J01017,GATEWAY,543489,2023-12-31,True,2024-02-01,16690076.000000City Online Services Ltd.,INE158C01014,,538674,2023-12-31,True,2024-02-01,16690230.000000JSW Infrastructure Ltd.,INE880J01026,JSWINFRA,543994,2023-12-31,True,2024-02-01,16690356.000000CARE Ratings Ltd.,INE752H01013,CARERATING,534804,2023-12-31,True,2024-02-01,16690363.000000Matrimony.com Ltd.,INE866R01028,MATRIMONY,540704,2023-12-31,True,2024-02-01,16690584.000000Honasa Consumer Ltd.,INE0J5401028,HONASA,544014,2023-12-31,True,2024-02-01,16691717.000000eMudhra Ltd.,INE01QM01018,EMUDHRA,543533,2023-12-31,True,2024-02-01,16691754.000000Dreamfolks Services Ltd.,INE0JS101016,DREAMFOLKS,543591,2023-12-31,True,2024-02-01,16691769.000000Radiant Cash Management Services Ltd.,INE855R01021,RADIANTCMS,543732,2023-12-31,True,2024-02-01,16691786.000000Kesoram Industries Ltd.,INE087A01019,KESORAMIND,502937,2023-12-31,True,2024-02-01,17010011.000000Technocraft Industries (India) Ltd.,INE545H01011,TIIL,532804,2023-12-31,True,2024-02-01,17010090.000000TCPL Packaging Ltd.,INE822C01015,TCPLPACK,523301,2023-12-31,True,2024-02-01,17020001.000000Jain Irrigation Systems Ltd.,INE175A01038,JISLJALEQS,500219,2023-12-31,True,2024-02-01,17020012.000000Hindustan Oil Exploration Company Ltd.,INE345A01011,HINDOILEXP,500186,2023-12-31,True,2024-02-01,17020035.000000Navneet Education Ltd.,INE060A01024,NAVNETEDUL,508989,2023-12-31,True,2024-02-01,17020037.000000MPS Ltd.,INE943D01017,MPSLTD,532440,2023-12-31,True,2024-02-01,17020158.000000Vimta Labs Ltd.,INE579C01029,VIMTALABS,524394,2023-12-31,True,2024-02-01,17020229.000000Wim Plast Ltd.,INE015B01018,,526586,2023-12-31,True,2024-02-01,17020249.000000Faze Three Ltd.,INE963C01033,FAZE3Q,530079,2023-12-31,True,2024-02-01,17020313.000000Strides Pharma Science Ltd.,INE939A01011,STAR,532531,2023-12-31,True,2024-02-01,17020557.000000Gulshan Polyols Ltd.,INE255D01024,GULPOLY,532457,2023-12-31,True,2024-02-01,17024331.000000LT Foods Ltd.,INE818H01020,LTFOODS,532783,2023-12-31,True,2024-02-01,17024837.000000Time Technoplast Ltd.,INE508G01029,TIMETECHNO,532856,2023-12-31,True,2024-02-01,17024927.000000Va Tech Wabag Ltd.,INE956G01038,WABAG,533269,2023-12-31,True,2024-02-01,17025082.000000TVS Supply Chain Solutions Ltd.,INE395N01027,TVSSCS,543965,2023-12-31,True,2024-02-01,17025156.000000Dishman Carbogen Amcis Ltd.,INE385W01011,DCAL,540701,2023-12-31,True,2024-02-01,17025327.000000IIFL Securities Ltd.,INE489L01022,IIFLSEC,542773,2023-12-15,True,2024-02-01,17025336.000000Mahindra Logistics Ltd.,INE766P01016,MAHLOG,540768,2023-12-31,True,2024-02-01,17025512.000000Techno Electric & Engineering Company Ltd.,INE285K01026,TECHNOE,542141,2023-12-31,True,2024-02-01,17027639.000000AGS Transact Technologies Ltd.,INE583L01014,AGSTRA,543451,2023-12-31,True,2024-02-01,17027911.000000Gravita India Ltd.,INE024L01027,GRAVITA,533282,2023-12-31,True,2024-02-01,17027970.000000IFGL Refractories Ltd.,INE133Y01011,IFGLEXPOR,540774,2023-12-31,True,2024-02-01,17029743.000000Tips Industries Ltd.,INE716B01029,TIPSINDLTD,532375,2023-12-31,True,2024-02-01,17040012.000000TV Today Network Ltd.,INE038F01029,TVTODAY,532515,2023-12-31,True,2024-02-01,17040119.000000Entertainment Network (India) Ltd.,INE265F01028,ENIL,532700,2023-12-31,True,2024-02-01,17040155.000000Dish TV India Ltd.,INE836F01026,DISHTV,532839,2023-12-31,True,2024-02-01,17040190.000000Den Networks Ltd.,INE947J01015,DEN,533137,2023-12-31,True,2024-02-01,17040361.000000Hathway Cable & Datacom Ltd.,INE982F01036,HATHWAY,533162,2023-12-31,True,2024-02-01,17040367.000000Music Broadcast Ltd.,INE919I01024,RADIOCITY,540366,2023-12-31,True,2024-02-01,17040727.000000IRM Energy Ltd.,INE07U701015,IRMENERGY,544004,2023-12-31,True,2024-02-01,17060031.000000Jagran Prakashan Ltd.,INE199G01027,JAGRAN,532705,2023-12-31,True,2024-02-01,17080029.000000DB Corp Ltd.,INE950I01011,DBCORP,533151,2023-12-31,True,2024-02-01,17080067.000000DOMS Industries Ltd.,INE321T01012,DOMS,544045,2023-12-31,True,2024-02-01,17080262.000000Wonderla Holidays Ltd.,INE066O01014,WONDERLA,538268,2023-12-31,True,2024-02-01,17090083.000000Yatra Online Ltd.,INE0JR601024,YATRA,543992,2023-12-31,True,2024-02-01,17090183.000000Updater Services Ltd.,INE851I01011,UDS,543996,2023-12-31,True,2024-02-01,17150421.000000Greenlam Industries Ltd.,INE544R01021,GREENLAM,538979,2023-12-31,True,2024-02-01,17150629.000000Credo Brands Marketing Ltd.,INE220Q01020,MUFTI,544058,2023-12-31,True,2024-02-01,17150976.000000Aeroflex Industries Ltd.,INE024001021,AEROFLEX,543972,2023-12-31,True,2024-02-01,17151071.000000Pricol Ltd.,INE726V01018,PRICOLLTD,540293,2023-12-31,True,2024-02-01,17151572.000000Inox Green Energy Services Ltd.,INE510W01014,INOXGREEN,543667,2023-12-31,True,2024-02-01,17153232.000000Antony Waste Handling Cell Ltd.,INE01BK01022,AWHCL,543254,2023-12-31,True,2024-02-01,17154149.000000CMS Info Systems Ltd.,INE925R01014,CMSINFO,543441,2023-12-31,True,2024-02-01,17154264.000000Blue Jet Healthcare Ltd,INE0KBH01020,BLUEJET,544009,2023-12-31,True,2024-02-01,17154630.000000Flair Writing Industries Ltd,INE00Y201027,FLAIR,544030,2023-12-31,True,2024-02-01,17154950.000000Zaggle Prepaid Ocean Services Ltd.,INE07K301024,ZAGGLE,543985,2023-12-31,True,2024-02-01,17156907.000000VRL Logistics Ltd.,INE366I01010,VRLLOG,539118,2023-12-31,True,2024-02-01,17160024.000000Allcargo Terminals Ltd.,INE0NN701020,ATL,543954,2023-12-31,True,2024-02-01,17160402.000000Transindia Real Estate Ltd.,INE0O3901029,TREL,543955,2023-12-31,True,2024-02-01,17160403.000000CarTrade Tech Ltd.,INE290S01011,CARTRADE,543333,2023-12-31,True,2024-02-01,17170013.000000Mindspace Business Parks REIT,INE0CCU25019,MINDSPACE,543217,2023-12-15,True,2024-02-01,17200004.000000Brookfield India Real Estate Trust,INE0FDU25010,BIRET,543261,2023-12-31,True,2024-02-01,17200007.000000PowerGrid Infrastructure Investment Trust,INE0GGX23010,PGINVIT,543290,2023-12-31,True,2024-02-01,17200009.000000National Highways Infra Trust,INE0H7R23014,NHIT,543385,2023-12-31,True,2024-02-01,17200012.000000Signatureglobal (India) Ltd.,INE903U01023,SIGNATURE,543990,2023-12-31,True,2024-02-01,17210022.000000